record,id,split,Y_Abeta,Y_GFAP,Y_NfL,Y_pTau,SYNTHETIC_PROTEIN_001,SYNTHETIC_PROTEIN_002,SYNTHETIC_PROTEIN_003,SYNTHETIC_PROTEIN_004,SYNTHETIC_PROTEIN_005,SYNTHETIC_PROTEIN_006,SYNTHETIC_PROTEIN_007,SYNTHETIC_PROTEIN_008,SYNTHETIC_PROTEIN_009,SYNTHETIC_PROTEIN_010,SYNTHETIC_PROTEIN_011,SYNTHETIC_PROTEIN_012,SYNTHETIC_PROTEIN_013,SYNTHETIC_PROTEIN_014,SYNTHETIC_PROTEIN_015,SYNTHETIC_PROTEIN_016,SYNTHETIC_PROTEIN_017,SYNTHETIC_PROTEIN_018,SYNTHETIC_PROTEIN_019,SYNTHETIC_PROTEIN_020,SYNTHETIC_PROTEIN_021,SYNTHETIC_PROTEIN_022,SYNTHETIC_PROTEIN_023,SYNTHETIC_PROTEIN_024
participant,SYNTHETIC_0001,train,1,0,0,0,0.6092228623880791,0.4508479208872706,0.72183751529729057,0.35374936812462993,0.28264433937041006,0.64877762744283507,0.73603707578011557,0.76485924753913626,0.18026115868879516,0.19854461016778019,0.43626855985261787,0.71706864972336859,0.16695717999123894,0.58953344369286276,0.92505805616235293,0.65921118685347846,0.090408875716583278,0.36919295739345681,0.64269492358392311,0.54243719977470406,0.85319945159421673,0.52930326809720996,0.32782644010565493,0.25243173783369016
participant,SYNTHETIC_0002,train,1,0,1,0,0.61824976178693136,0.21119028239363441,0.15337702661312308,0.77792338118416504,0.59580292318101014,0.278775731604747,0.94632305980718578,0.456570516670461,0.7226748479209113,0.83217507821506198,0.62391113319061908,0.30708362430879199,0.31037709579262035,0.20738585901640938,0.10782432263080718,0.10813311846779881,0.6604552176338413,0.24427837996897456,0.11415501302503028,0.50307178920892637,0.80316093745376693,0.92075552168947861,0.72590001417041961,0.088134404284836029
participant,SYNTHETIC_0003,train,1,1,1,1,0.5244787055549861,0.63280459390410604,0.9288905313696515,0.5554869336889573,0.45112115119295604,0.88476830864187128,0.87498684207588417,0.78095927713241975,0.58928935720603848,0.086125825898811598,0.38579202343062619,0.30135305490915726,0.75381616501471937,0.37117749584206683,0.28367599388348075,0.19116603755651185,0.13582582871536575,0.7355424096361376,0.24205642474729933,0.56863671553785711,0.074192573183812532,0.94329679828522361,0.77858925122118117,0.1214607835533838
participant,SYNTHETIC_0004,train,0,0,0,1,0.8697566024579253,0.57085614287059416,0.88014794097322158,0.37763553112080189,0.36390406611994935,0.62964031195862991,0.91413066790472586,0.89904178041757177,0.61983149532485748,0.7965992939879315,0.46427791454563216,0.72913889130478682,0.64891310672640423,0.69702444895255122,0.22619900676935023,0.2338355419871222,0.36813580741480151,0.54667992246729846,0.19662418746717758,0.65790341034444766,0.61731220790263164,0.12483730454975117,0.21721875921431094,0.73870272609783139
participant,SYNTHETIC_0005,train,0,0,1,1,0.49505100101117555,0.90624015117615353,0.062994989693614958,0.40661946308978192,0.22740057456417656,0.34987866248563176,0.49798728491907918,0.49842805369840404,0.9217157700233839,0.43189907330265798,0.24721801854780973,0.80363239551490684,0.72426379133820062,0.3288177555806272,0.67113368824509156,0.30267536565339537,0.18301689268363663,0.59730633713375159,0.08036082462964142,0.13456362787978238,0.21893874393965079,0.53561088966142523,0.71603351585826702,0.77541118245283758
participant,SYNTHETIC_0006,train,1,0,1,0,0.13133152804972786,0.44784974737328909,0.54146026605427888,0.15837912056656361,0.25400735976930316,0.81577643525646881,0.69602547808059567,0.70133702014164867,0.68860052599921573,0.58261995244748987,0.54552300100066342,0.15732388153796678,0.81576441970120217,0.48610355062049243,0.20235897799479285,0.36973464752577095,0.6138422262987604,0.47689505220951245,0.11307318574912611,0.29268777131826867,0.80914302890233325,0.41938817655162797,0.87375004199901107,0.26972421125215107
participant,SYNTHETIC_0007,train,0,1,0,1,0.8569783674665622,0.74321702531294165,0.28178438306888559,0.85373269280306985,0.76034594807744982,0.51400255988220922,0.43839935130291913,0.92999179512436903,0.27049609620611503,0.77609070022049531,0.84001235928714391,0.25387713908820525,0.70214293751982282,0.85208768306535354,0.10958229314441298,0.91937255045651933,0.14424126709145743,0.5966968751425058,0.4107407579953829,0.94136633923069901,0.7839211482085372,0.10321700640585806,0.2028102942835488,0.72061895742042426
participant,SYNTHETIC_0008,train,0,0,0,1,0.43611559270306255,0.10862845493639026,0.28784944851689787,0.9260723664419469,0.62980591051782653,0.13052020622467064,0.49219359022034398,0.7746922312758977,0.43812064358850722,0.81600565128005487,0.22207733653970602,0.096886568262203904,0.61467158230787289,0.14477695215419148,0.85439884655943787,0.94099616243998796,0.32228617642946045,0.31625141186025885,0.90854644257365702,0.66067050325089005,0.63751413596647921,0.29478618377341081,0.19019248111668974,0.23220460203339904
participant,SYNTHETIC_0009,train,0,1,0,1,0.32431933207662034,0.071279689114172443,0.12250014251017789,0.18577048731433127,0.18331328365423927,0.61897272013297577,0.90512075221370003,0.4082148759137651,0.2271991580273639,0.81987740863264236,0.88401065877946905,0.84883440921531117,0.38549074099988923,0.48991714350641119,0.90956234063204799,0.14654599846479205,0.5403372901341007,0.68864911918880323,0.14914265150861997,0.62737219886219131,0.84714420655514089,0.18651720592751581,0.60597820535917868,0.52272170496509185
participant,SYNTHETIC_0010,train,1,0,1,0,0.59575345545923608,0.43821990232509345,0.8361766542006287,0.46507176531065159,0.56772316663759947,0.67171685226514743,0.80740243270209444,0.73663039841856659,0.66468454543503119,0.78757520741499165,0.40272895707738443,0.18266750054130354,0.82153314441558978,0.29441552794253334,0.93648121355438518,0.11935375032660935,0.75180459471410799,0.36813310087439971,0.72265632877880559,0.31339236287342281,0.41333270296274044,0.74713542092548113,0.48965332740685225,0.53856262068354177
participant,SYNTHETIC_0011,train,0,0,1,1,0.063511630002769631,0.93048721115814159,0.53636429565169796,0.48103689818279877,0.20511201332051326,0.32655173736469295,0.22794041812834936,0.48374645794696025,0.44868427553206836,0.48507503641658134,0.25664900823698383,0.30654048272971224,0.49508675912624339,0.20928240273295828,0.80562283993122807,0.15431803358330248,0.76147766129413763,0.36451524315237321,0.067631309525788594,0.2754361842061035,0.618660591515235,0.64827845135060258,0.40739764497202369,0.70406238918687969
participant,SYNTHETIC_0012,train,0,1,0,1,0.55024619606914482,0.5361004209634781,0.37821248234905025,0.53828172220436143,0.15684859801847098,0.56140216746015426,0.099371178396136767,0.50604243569939389,0.90558700571135931,0.86174802581266308,0.070133357841538707,0.72654735358726841,0.83205318637152859,0.46716057755013063,0.44268950502216969,0.50562263358803505,0.4242084969059457,0.62658760738354535,0.69350046856273906,0.1473235059554806,0.39040678817932362,0.6970518541911993,0.14724925658903862,0.105565515618494
participant,SYNTHETIC_0013,train,0,0,0,1,0.84533937007788629,0.39324276669551017,0.82596023861583134,0.75130986030507285,0.17809980590919783,0.23614856686498081,0.91402460082391601,0.73693044794652152,0.24211790704604624,0.86524883996399982,0.35832767814712363,0.053289534648561988,0.48809139635315524,0.58643070783492679,0.74489784124467517,0.75552371735288304,0.17871551255920137,0.86543917025881512,0.42296064394907901,0.47988362662047085,0.47924136105528753,0.89363153060193912,0.4072734882734026,0.14838104889564635
participant,SYNTHETIC_0014,train,0,0,0,1,0.10547630560930708,0.92105938023147016,0.31383151702152895,0.89972142588803572,0.49377352822309417,0.57367315162749422,0.15967449162185721,0.84578408992198795,0.18659935893465657,0.66246311881470832,0.92344246431511523,0.10910511254700483,0.88601861507048296,0.38143478918017309,0.79747816660893267,0.17616261402054645,0.71448230470196317,0.87480137103787148,0.48113105562429342,0.88732002382419561,0.2411436209724267,0.37488917709980329,0.25601496112401667,0.31816104466869377
participant,SYNTHETIC_0015,train,0,1,0,1,0.26410400072609841,0.11967547682177718,0.29094437949086882,0.91740915149285995,0.14032751421713929,0.3204076680282078,0.40678593877078262,0.41631690129853638,0.45996936334176308,0.34162430755495016,0.94836504938843036,0.76761957713616691,0.84704139335760031,0.65113950613579485,0.89639430591288227,0.58860480399808102,0.55296107860212673,0.426221951345994,0.7575055905038055,0.10773939116310487,0.5511809724530321,0.37530241757750837,0.84023887205313363,0.12979924713853624
participant,SYNTHETIC_0016,train,0,1,1,1,0.34714628226565314,0.63368000601174501,0.23551237469807984,0.72146278391636021,0.11276885639661006,0.14393810444736893,0.5443793317121034,0.71262886198980435,0.83710888891120161,0.54195090470950458,0.43514869390561434,0.70008144524834459,0.30347846113337534,0.53507503849977645,0.71735489916747308,0.69172819854395007,0.51523811642501638,0.91081519623503027,0.64828963861935518,0.91295687770935308,0.20937663141927881,0.68628771149193768,0.37028773582849656,0.93119968616709203
participant,SYNTHETIC_0017,train,1,0,1,0,0.61015739938488134,0.71738094107984318,0.12264655844963583,0.41970991803100555,0.53964073170848414,0.48276155603883181,0.61860860329992373,0.095922356169493281,0.48261872706734482,0.5584985300358466,0.72760127499211236,0.1344592650782456,0.59123404169733063,0.37337708574260697,0.89450710680270096,0.69948680770373228,0.59611499080988073,0.4804813274806326,0.45272852889338677,0.10264159958914597,0.41518154611654035,0.10582698718948697,0.38596579285108845,0.1872621683444462
participant,SYNTHETIC_0018,train,1,0,1,1,0.80370275630684007,0.67129633202292838,0.52429353044284088,0.45577015263853848,0.13968056189943567,0.60697076032229302,0.88363736520377423,0.52464084550153278,0.8813637075092623,0.78585844737705379,0.7359441818687944,0.57856757539540415,0.69689309718404469,0.31556643934268824,0.61893036436768423,0.8808962919899973,0.7068930106190433,0.60508076546399958,0.62050892195474627,0.16776190084913048,0.20338909390655341,0.52167666441698635,0.20987037962218164,0.11472665439607979
participant,SYNTHETIC_0019,train,0,1,1,0,0.74131891851653198,0.93023367339023866,0.59367619249456993,0.84472289322114436,0.25815241403562561,0.76890235646454808,0.52778606630524749,0.10395439087260952,0.8814024265321927,0.07813146807931895,0.5655380042202377,0.16823627741116165,0.8541223180482661,0.068903278391037756,0.88315838353431619,0.2287704864453039,0.089108649617730212,0.38737889936353642,0.72252792702382052,0.94347875009719917,0.63072423217510687,0.47619801844532017,0.91084445046739837,0.93515961171154682
participant,SYNTHETIC_0020,train,0,0,0,0,0.25849304798280309,0.37066832171629482,0.33806852066263238,0.20790442416298593,0.57356739352025377,0.076216791680280116,0.8235786291426016,0.87202275277672847,0.11601345711974866,0.23621341913558602,0.61788631142716743,0.80180732542760025,0.052737687602857797,0.40727794816824553,0.14629843237267173,0.12901039187045948,0.31376597003590473,0.085717537466142357,0.6022120411149342,0.69346908940913166,0.2034131347952543,0.12463111413284539,0.75279959443208389,0.074284636617085661
participant,SYNTHETIC_0021,train,1,0,1,0,0.90130024777317685,0.2594680546412097,0.56935969114500518,0.14464446453882662,0.50699363408824238,0.11698617283096432,0.85491877319227894,0.3501953961801153,0.41264662546048603,0.24409851391952864,0.10820726733603923,0.45342524828745506,0.56978768241350009,0.84317858687205349,0.75357976238957436,0.84309676512242115,0.49124153947948179,0.72640436270059061,0.69215184310053579,0.13104385050964584,0.11351092276773463,0.58616687806095136,0.77026184572447609,0.43630677269655926
participant,SYNTHETIC_0022,train,0,0,0,1,0.43450470377672951,0.52033657957370616,0.70253987254007311,0.7014684901864614,0.37781782028970884,0.59253757017104758,0.34522119529034634,0.27072749110168726,0.33049113357458898,0.86010940627503252,0.45566668443205682,0.6810024243709647,0.80372900035392869,0.90734844339893761,0.44180846459991985,0.47338970075802528,0.16010966045387742,0.9484941280064928,0.427712136719405,0.92899712477328011,0.14703741512347251,0.89856542937149564,0.073544579903851798,0.83987164658050983
participant,SYNTHETIC_0023,train,0,0,0,0,0.74960663425376894,0.54686894542087694,0.61358767633309108,0.058388779390674599,0.29071547583944674,0.82465307095894902,0.47378012963682042,0.27017236757147256,0.29851711864671532,0.23208991958760172,0.29590130883718185,0.19841200240070189,0.09140349034995969,0.62735868455856902,0.77175051824047236,0.62218417133817971,0.31057739439775106,0.82037851586524024,0.76165137882146128,0.82962787868498189,0.54861680923868139,0.19670525413713097,0.51139539061657391,0.52798564744713172
participant,SYNTHETIC_0024,train,0,1,0,0,0.35440649240097299,0.86004045106122606,0.60227426451998167,0.73923001854953141,0.28184363057944778,0.56016882628334475,0.87123674585472821,0.074781616832970674,0.42320574515588227,0.57518912787580279,0.94744033480441892,0.43146733487256811,0.45175875965974777,0.88496093109063079,0.83495913569229696,0.46490740370161698,0.24045179082341123,0.46511857047846084,0.19239091704491107,0.34185555315255206,0.91687215846035219,0.85382985219176244,0.20714338646898989,0.30526047542271345
participant,SYNTHETIC_0025,train,0,0,0,1,0.80575605153593766,0.84589527522165886,0.81385483981249185,0.78312373401880331,0.56528545801310981,0.36913058261090625,0.18396311942846372,0.82982136405394369,0.78710996819495005,0.55626412245840506,0.75293263237143593,0.25671872825939568,0.41975420834234678,0.91402849631813243,0.5208275647557532,0.20686934306325627,0.88891755824902208,0.13069640164007296,0.20329624876170083,0.2648379196541108,0.30654531677441971,0.072176209427098056,0.26862746778987795,0.7143983344559024
participant,SYNTHETIC_0026,train,0,1,0,0,0.81302740528511042,0.16799887175612363,0.21000063297866312,0.69723480890309919,0.38936048144561325,0.79100418896321101,0.33927250427032207,0.071965429126198383,0.58561209846671214,0.81553076925602297,0.82369473621297229,0.072963168473245216,0.3828759029840062,0.92610844644999113,0.077450989726578462,0.21835005847357603,0.11973338283738909,0.15086537749794132,0.26016412723015014,0.50904716213529833,0.72070156225697102,0.36373000418039303,0.54223833198372751,0.2130095770131728
participant,SYNTHETIC_0027,train,1,0,0,0,0.086680455486281976,0.30197365773102958,0.46094527222315262,0.86590174786057494,0.35648238295982942,0.49039585310652589,0.36703624400434609,0.41881394608714051,0.24753744435226882,0.86057648799645992,0.3851424282188064,0.91008235429033713,0.89757628023788572,0.21880709920272889,0.75016038167780985,0.082145985267482957,0.066109143766968553,0.66564455241276965,0.84206800381212321,0.086843733451753891,0.21999816390644367,0.48631966454007081,0.49773600064317303,0.098295469863183299
participant,SYNTHETIC_0028,train,0,0,1,0,0.4509608091384274,0.75512433758895892,0.81322983881916266,0.49539503140039542,0.8407417493043382,0.8761114091481329,0.42581990926234309,0.51863255598208047,0.42876151771447685,0.22132079593397475,0.29261194080389891,0.44188757804020445,0.25251354021952443,0.65446679551832476,0.82882310103133938,0.19469253834709727,0.84859885196985729,0.87437247452504918,0.49409812809706033,0.80433043965461826,0.48955150688697152,0.94720242642235652,0.66395548405047122,0.78032052654316664
participant,SYNTHETIC_0029,train,1,1,0,1,0.45790820301158963,0.45696086502386241,0.93838790980097464,0.31217191468541516,0.31101779543804453,0.92039337117028408,0.80872690135536951,0.71630844751744638,0.90619186456580614,0.23755307228648936,0.54228605879537117,0.42252975942094467,0.58848199126561984,0.27214397684630109,0.84903763578691882,0.72101729735973685,0.2397356916476639,0.30340294011217478,0.60330908691449714,0.76236137574806961,0.088789925334297803,0.65152554037442401,0.27013297101193035,0.26632097437869479
participant,SYNTHETIC_0030,train,0,0,1,1,0.1121324924473012,0.59200869086953767,0.20956593758369124,0.93198283344581634,0.52286266603640674,0.57238485492822311,0.77028430797363001,0.51233511744997928,0.46260621227334109,0.42624047940718091,0.44849077613825017,0.54517585998061013,0.57294540267149396,0.90279518044493867,0.70192632481086115,0.88763265408653769,0.15185187121160942,0.42018848281135135,0.8373141182096201,0.40983892434458991,0.85714531840042518,0.078111652804000967,0.30871686802666964,0.41103868776543517
participant,SYNTHETIC_0031,train,0,0,1,0,0.88675140949461928,0.41577000387827223,0.3827918591151766,0.32302199608310112,0.21921391546782715,0.72074368133713873,0.9294321102845774,0.71327898164956693,0.72628470640082687,0.37138110107465822,0.74223215957217503,0.25109799706284675,0.49927868336331765,0.64199779616116659,0.18907785869473304,0.58875782771870455,0.36725894820056948,0.6085465210725165,0.73512054726545972,0.29040403770085593,0.4663691332136905,0.76184942207492234,0.72220157115224981,0.8510744954554571
participant,SYNTHETIC_0032,train,1,0,1,1,0.8990474097644845,0.6554229383736383,0.89864173906620404,0.38396060201723659,0.8409840766761344,0.69813280876245254,0.71383167098043343,0.56086065351427228,0.84615602959451963,0.43383128421728212,0.17090932910593393,0.21825209619801439,0.10944037116334418,0.49421499080742159,0.48063109612158694,0.36740277808956184,0.44075770320081653,0.15961388211400479,0.84553438520545088,0.20930921558740384,0.36617624070868715,0.19584604732426542,0.38878710238311925,0.35574073434680187
participant,SYNTHETIC_0033,train,1,0,1,1,0.62090896354590663,0.21024512742544493,0.89476160235300017,0.4538389077218104,0.75863182959715836,0.24219563628474022,0.26891917817068223,0.51963878430957644,0.086390470589637336,0.52109585498375788,0.83370506429272029,0.86773284684728702,0.88313611910678913,0.79811555113194788,0.82349832650038091,0.12059023168751298,0.79398600178397982,0.61042513659049158,0.76769529061243336,0.34325469517222712,0.31290299167898161,0.44706379753970155,0.70056737207980035,0.69830602099553163
participant,SYNTHETIC_0034,train,0,1,1,1,0.48021032386580265,0.3848343979818224,0.87427383817816173,0.75606681016429655,0.77891424275244137,0.25244972545426386,0.74693533000815338,0.48357467735260523,0.72999887826493437,0.4844787443592391,0.78526426078148337,0.3638730799326037,0.46319488242567658,0.63493942007321191,0.71226284005469176,0.84959192451939602,0.22099909085891023,0.74953150524148926,0.88754021117416337,0.72265092839438483,0.8664310813583127,0.85373069821181757,0.084387495871505611,0.34170667500770474
participant,SYNTHETIC_0035,train,0,0,0,1,0.67826130477725755,0.4077641668783154,0.19980025228102971,0.3137676833392935,0.44138402062056797,0.636918001269278,0.23672321706911392,0.36602089006929461,0.59183408299958284,0.16519642651719901,0.92376544939611815,0.61663611195393864,0.46754747815585007,0.51625784697576904,0.62593859698250298,0.45189804415853102,0.09195479694675715,0.4572267084917262,0.89403570590790704,0.59107403958371429,0.72659151023270274,0.23518069723889001,0.28466962780456923,0.86804197211344603
participant,SYNTHETIC_0036,train,0,1,0,1,0.62544388479497848,0.48039669039259569,0.16812909308250779,0.85572431020042627,0.51127280701633471,0.68617932433007633,0.53249061653207785,0.1381652723371129,0.83645997955074425,0.69445909159773123,0.061621174454114948,0.91641130289666073,0.1802057411481473,0.79242309825570545,0.63619643495601419,0.78711065661133095,0.1587292431361359,0.92957811321666028,0.63390100329052257,0.76432814775474045,0.26702946871208166,0.31034623220114094,0.66564812845519816,0.84472608097420832
participant,SYNTHETIC_0037,train,0,0,0,0,0.12060704992639085,0.4630699112162322,0.27622296882186653,0.40577213957233105,0.94652844762731903,0.086677092137917355,0.13325346845064082,0.7749906636219247,0.88776415178483281,0.22805794005652641,0.094069751929438949,0.68860170829651612,0.45665591277863882,0.49527225873670322,0.13059316638930085,0.6226092810314664,0.53132086741085571,0.061022552610840053,0.39089869752399448,0.64060578957628611,0.17342583924351421,0.15663103419177044,0.12449148598912683,0.18385203330289124
participant,SYNTHETIC_0038,train,0,1,0,1,0.20801913241693343,0.33710082625517329,0.87385147390647355,0.54199407345604378,0.38382081118979866,0.11559920776832085,0.77836797266613655,0.7152284381754338,0.87825080161677638,0.61652432181246275,0.37455505798808203,0.33928127893026022,0.66136443397317024,0.48562856033717,0.85159790867853136,0.92697744106722835,0.12083308210765678,0.099688334745607898,0.90657343248346045,0.71446303265402666,0.49153508578444222,0.60022649685648899,0.23324021272342754,0.41162997650929167
participant,SYNTHETIC_0039,train,1,0,1,0,0.79542744741711813,0.55848624417878889,0.21344376032383061,0.49464987899166224,0.54382200109748946,0.63346172645485999,0.20196758271509352,0.053373137877273914,0.11396098693122339,0.55107517453985722,0.47514901878251703,0.40836464013090512,0.26410037305359341,0.27262965751264517,0.75338406956689064,0.058409763379640038,0.20985953789275391,0.57551500255409838,0.72264340310850905,0.46060259492131245,0.88651094670609376,0.6458611481728983,0.63172873136467,0.86724262656325035
participant,SYNTHETIC_0040,train,0,0,1,0,0.40084800422270378,0.79916586320460348,0.82131281331421235,0.93136092060866527,0.63147555973701808,0.79720678106271414,0.052293488831454349,0.37245758851615945,0.79482055227470738,0.12445402368849012,0.89547440242619092,0.53252924462101725,0.58974808274088253,0.94701190999843854,0.36921177227322372,0.68834357823887804,0.7011562571658525,0.89174807633271913,0.46289732884762363,0.47419005508568496,0.31788406803776403,0.59555313327225956,0.87138859993254525,0.82854736168817467
participant,SYNTHETIC_0041,train,1,0,1,1,0.86293429941438049,0.94309987575787968,0.070979789439756913,0.69120111819827901,0.52407007145572038,0.077067353324766705,0.63448135675853057,0.92256341110161844,0.28456353616544922,0.71001256039290117,0.27652386966090936,0.64938687428425612,0.85912864622785201,0.72945663453571052,0.39450657707457409,0.36132292862248205,0.77986053068056671,0.53021849877029015,0.1550085131855779,0.79491795159550738,0.68725528202061104,0.73112765919718348,0.16281754442128982,0.48879342138305204
participant,SYNTHETIC_0042,train,0,1,1,1,0.67390504516576588,0.071041842572694566,0.35575053579512395,0.1366642038936301,0.94743813492184337,0.13995896457682122,0.40323338004716985,0.80785930177237275,0.056384238737087859,0.57007133349621664,0.88956061903975037,0.38936655752940813,0.33031798890305292,0.49452240711125606,0.53128603764966476,0.82632776887753834,0.35256380393497549,0.20338009545456365,0.46830509441639007,0.72583439213995504,0.096091146781987047,0.14704914234588418,0.65944568660519909,0.16306591917985933
participant,SYNTHETIC_0043,train,1,1,0,0,0.1139524238995035,0.10731832478126738,0.70057640479280625,0.25733062128608142,0.51992861991756945,0.24423770562531377,0.10522902711498885,0.47207355317720928,0.92581051801487868,0.17850622297353219,0.4495032938796385,0.57481435616497756,0.5573966602113215,0.33616945683009558,0.23676060870327653,0.50687653409403532,0.30958827119210502,0.28310918528659973,0.78474630531600098,0.56427027051295253,0.49886096059637891,0.55891315225919325,0.7491382438628299,0.29074553674762188
participant,SYNTHETIC_0044,train,0,0,0,1,0.35858840047325857,0.70390151547279545,0.11038029024090648,0.66360634730501145,0.58439112829425666,0.085686776897923367,0.48217778458951055,0.71925933646109108,0.5992145797737487,0.27152723335844858,0.23920553003473088,0.61874559595698586,0.10925005984777661,0.15543543192350862,0.94171946513556548,0.41787347823506954,0.73819858722780429,0.09414122950284054,0.47971112130254484,0.23384168411759859,0.14627470179353291,0.90839811816192484,0.69092335891220935,0.34372991441753964
participant,SYNTHETIC_0045,train,1,0,1,1,0.37940515993725532,0.56859910248925472,0.082725677388001448,0.15045314804753346,0.58248392295185414,0.14943718903936942,0.63303726174905495,0.94290752725071714,0.45536484939819305,0.55472469734840679,0.46118364012912316,0.20949056492292439,0.61306148986726716,0.25795953429054386,0.2659035528733783,0.59696583174325091,0.40275310363107286,0.12975756968724278,0.20026509226360406,0.18273362115177577,0.30576737532970433,0.94702613080900644,0.78393890112442899,0.46987341149634843
participant,SYNTHETIC_0046,train,0,0,0,1,0.3309682956340293,0.49173955833415278,0.29114032648520238,0.13459980239696534,0.83595849043919923,0.23953003494437802,0.22612849657360179,0.75494014865311665,0.47108833246335291,0.88713266714241568,0.61588477197391389,0.20214203789938012,0.43076132639241121,0.44484732634231783,0.91335984441594609,0.63055372297674983,0.71541241895692431,0.15372772305629573,0.58463097163878275,0.66382490823484952,0.30640324745331898,0.49008491195494408,0.15609443137582035,0.30325037148426104
participant,SYNTHETIC_0047,train,1,1,0,1,0.91187379693657311,0.80257279970346096,0.29088983388286299,0.71920262871215568,0.53381822278340152,0.42968032685161578,0.47913716146713514,0.41633377972132252,0.5483346209090072,0.36527346139774236,0.56248317791717706,0.82352603735914764,0.4330333537347229,0.86123360106055979,0.42364819976385509,0.30172318584511898,0.80875123485503475,0.65448606837090384,0.09606262336295715,0.35449455669700797,0.074753370506922129,0.40085905309986664,0.39292375752430658,0.83521383096856661
participant,SYNTHETIC_0048,train,0,0,0,1,0.74066758978988734,0.42084414158070793,0.72509322955111666,0.69963042798342545,0.27845374454435179,0.75705774210020216,0.52076202896001011,0.78468679661660656,0.86801302059353369,0.16979846635061377,0.30597106186045497,0.71416283624091248,0.40503660486422083,0.64260690573273826,0.50993461788643224,0.25310459270598473,0.25010520836872835,0.45945350019794295,0.71114868655417918,0.25514317962720012,0.89877098629156271,0.81521010007075978,0.2272359316450891,0.48184487989560959
participant,SYNTHETIC_0049,train,0,0,1,1,0.31774982399351714,0.9201474016745983,0.48193644801143126,0.49846188769284688,0.4147119101256323,0.60068668474557096,0.2876342289626197,0.10953263302022295,0.74657538062718309,0.77941437629530519,0.57545899058728633,0.78876698662743439,0.57547797276393542,0.47724060476047081,0.22031514089170534,0.64004111688367382,0.26563342980754073,0.77549732382488301,0.77534478963608722,0.80872537854442705,0.82403738053359177,0.39988045683005191,0.17119796034487195,0.5418928924300882
participant,SYNTHETIC_0050,train,1,0,0,1,0.19600678133791555,0.44168259071795307,0.7757929731308304,0.074284978771887153,0.15880430774423865,0.78867118195394015,0.74308714545092236,0.24105152978431404,0.5517284228748951,0.25405491181312184,0.91030301917062795,0.60366235872038509,0.44342631025209023,0.3154204057083359,0.49453403832953163,0.5176976858687431,0.1308124679878537,0.66068089458421342,0.36436759357588872,0.07229226749348712,0.29302954245069224,0.5465686888869099,0.89682312227452365,0.62121740900386302
participant,SYNTHETIC_0051,train,1,1,1,0,0.48977191972235834,0.51334386816609512,0.88247292226956386,0.68676629782104515,0.87442616942420093,0.4825821824476646,0.72562045057628666,0.74886866001013264,0.8160409211748213,0.54841312726546865,0.17409220701777173,0.26492077128151886,0.59475413799189669,0.60325472171277017,0.44374233523516815,0.44238674543945067,0.94603626125515661,0.1155071989095678,0.46339483639454826,0.14193935990247902,0.20918228039186548,0.26185037344795731,0.22770471720504865,0.22048509647334719
participant,SYNTHETIC_0052,train,1,0,1,1,0.32168090227768537,0.27699587922816166,0.21775998117753659,0.12893891518081818,0.74250667247913604,0.19019338679962511,0.38660669291074357,0.56507540642710652,0.91128083586419739,0.23478329251478769,0.57137967933065759,0.63223594160940855,0.92404854455510177,0.81830890343280083,0.33782232707564513,0.14808965237473942,0.42422357468684546,0.67987307062952218,0.21111253551246767,0.18877326164991259,0.19759808262300244,0.30407210385047601,0.216297506202283,0.13946001857946472
participant,SYNTHETIC_0053,train,1,1,1,1,0.80342770496584259,0.85557498202050886,0.13969421091536943,0.41943169971579802,0.7400500750562431,0.40020004895274458,0.51948733151349269,0.76671269601258396,0.14908260171760077,0.56544775937969849,0.20951038806314343,0.60556948303853275,0.19700406889891148,0.86295564107257339,0.93758972920887063,0.47477848176136206,0.56146917685286357,0.48733039341748358,0.183261089316894,0.56027041492661334,0.28659031219801462,0.2203330350565712,0.25157285120039552,0.76093354527991941
participant,SYNTHETIC_0054,train,1,1,0,1,0.269381190666029,0.3018365310703458,0.06808658876140021,0.56917272527316032,0.64923930017937548,0.2380368030930598,0.23528720377070872,0.071506642849387222,0.52415543608495019,0.80421355873179357,0.63889231939815894,0.69161908524927129,0.10802645264148852,0.85648697090366732,0.79730256435707314,0.26422679454752829,0.9282871370944249,0.64082539721692977,0.8570098911818107,0.78084598411323003,0.51321589134753809,0.14613508789015395,0.18135454405361429,0.39684841344600019
participant,SYNTHETIC_0055,train,1,0,0,1,0.78188862322541208,0.81737833768088175,0.86602565879184568,0.45460345563803878,0.14445145450284891,0.085224140165227669,0.21269396693137183,0.4575833421260912,0.65458912121688662,0.91779035993632108,0.77245274311601186,0.6224492430173395,0.89235349847019962,0.42959070439326191,0.21050844487861348,0.28309367766224847,0.83160792160353325,0.23456504110296272,0.17065394671193129,0.13889191076733676,0.91074273930948535,0.77471540481207357,0.23499973774973132,0.35141756614189262
participant,SYNTHETIC_0056,train,1,1,1,0,0.069538766335048019,0.42098316840320887,0.54044878726303047,0.16061089286621377,0.12798414445433798,0.4825399122095303,0.065639415546237659,0.58698920925998266,0.1641862983194502,0.50196893077426863,0.11853301264045092,0.63592763318890344,0.39757926059431187,0.063698723669141616,0.23238672849109215,0.43107061304888966,0.60541681572072137,0.74576618795171734,0.23017947984816711,0.42470089307292774,0.78999805109816656,0.47570176151994914,0.061057013204395875,0.94747530274014879
participant,SYNTHETIC_0057,train,1,0,1,1,0.3823938495957902,0.63175401053280011,0.22433303956487449,0.08791255727908634,0.47526458287092127,0.91001409407938139,0.19430055825853837,0.87986503424639595,0.19959567597181205,0.19812935846028196,0.11790391733192822,0.61866919673147402,0.26440227904166874,0.48529255507364039,0.26388562515147002,0.080302446800728594,0.16568909893769573,0.59915832453891815,0.37495402938845329,0.7645416572476339,0.46204054692881252,0.47785706222567509,0.82020588725960653,0.16713623458771965
participant,SYNTHETIC_0058,train,1,1,0,0,0.56871019999906858,0.37682550871347742,0.51699333517455026,0.6277684041976519,0.50064891530162758,0.84765863341309777,0.69287843278395378,0.70430847915805928,0.81114554736030686,0.62113456575294979,0.90207676293117534,0.1588372814955038,0.25329333281990069,0.081063683466490372,0.51734271608056326,0.55603550836175841,0.68884948506740828,0.63320540725044705,0.74045990046961208,0.28090631542111255,0.78428748264452464,0.81936312924421129,0.76262270944949395,0.88374380153337051
participant,SYNTHETIC_0059,train,1,1,1,1,0.25099830222889102,0.11730383960636739,0.93476299433262378,0.64725470295343812,0.88672688902881847,0.21018692567705827,0.42581839213835559,0.59819663618930452,0.075965408615180335,0.16262614275686335,0.29256823691290207,0.74003997301454116,0.85677482913798142,0.31448994713872225,0.82569476490852955,0.63043939849981057,0.12886292575278058,0.77824220659866017,0.83669322942278546,0.09378556316580397,0.23763293322675227,0.61070275701648036,0.68433880630335686,0.5680541474366555
participant,SYNTHETIC_0060,train,1,1,1,0,0.68509498875854413,0.19378172744618716,0.88048122403304785,0.72663185416093634,0.28354292595245317,0.58646431604663329,0.64849309616004491,0.71580011835560453,0.30182695369113743,0.36089877935481091,0.10072692683260764,0.19825098235757815,0.13855762083931739,0.9254770960333415,0.75643261113072435,0.42503058225231138,0.41052603722644526,0.59058658638734352,0.77589651563461004,0.80719890624891566,0.66098986946980354,0.66448409406885878,0.87484805796745402,0.16752071974125191
participant,SYNTHETIC_0061,train,0,0,0,0,0.91992786891721623,0.69296546898697164,0.30438611478609207,0.72735867785748143,0.77705450237198903,0.74879471201081538,0.89459456579958263,0.37635483657655111,0.63419373621751418,0.40059732184427044,0.29694145550569068,0.84524854270562899,0.33829790898227091,0.75581656468558744,0.21501741995048718,0.20109370423900585,0.77697590243101589,0.22121473830974531,0.54642652765837607,0.89110008842964006,0.87860571774150242,0.69035005120628457,0.43977629433589016,0.27981322787421931
participant,SYNTHETIC_0062,train,1,1,1,0,0.86613470789126668,0.61781781469597574,0.22240921041528566,0.36507705728839218,0.91735135454073147,0.94378997764416361,0.13915851140959523,0.57558067863310747,0.83612047962674318,0.74630843335307007,0.36761931617054677,0.37789797515583307,0.050538649491496716,0.53141695920010035,0.9284898645577101,0.54687683637296858,0.49502571858402883,0.26578790224772092,0.64736622363220253,0.31654620419338764,0.47333163903433223,0.58245725473804844,0.38985947216080546,0.61967568813221097
participant,SYNTHETIC_0063,train,1,0,1,1,0.91798386519061259,0.50455501729132457,0.54703293454544955,0.42117202773833434,0.27693965546343252,0.83112513013421563,0.38859331208439885,0.20429133261155957,0.60326344563747036,0.77367522759981011,0.1704105534980011,0.12594748694804073,0.11198236659617988,0.26909580662911714,0.072564490119616631,0.24918325482646675,0.9188866622885723,0.69637975591431522,0.30233934029130766,0.77476769527652167,0.7303900741013708,0.72730440751561543,0.078807134900198084,0.64603951914066404
participant,SYNTHETIC_0064,train,1,0,1,0,0.51087823706779434,0.45966644976341531,0.34891962888886119,0.45133233897923436,0.45337593295321094,0.050241115256763613,0.54865436582809823,0.45648104468210093,0.64531639491921666,0.77351128837174643,0.5037023142032222,0.22303510419798322,0.29469940191789018,0.17576540750155106,0.62245060160389309,0.88079669475435574,0.33694547795748347,0.50045759907728193,0.85696056940243859,0.56950104688117775,0.69039293502755927,0.056866904505716347,0.14021723295149779,0.16340539979447155
participant,SYNTHETIC_0065,train,1,0,1,1,0.12423221319412504,0.47993727146528736,0.78065552021536855,0.21247966046840866,0.08788965387142561,0.28701014523259016,0.74793537982421021,0.7416552177477852,0.89570535925614803,0.56346345924548857,0.49276064636533284,0.4629424679473817,0.90585553711060107,0.67628436579609885,0.060380229259908817,0.45613332053241684,0.94850654514895016,0.49292854715644735,0.60438604702364451,0.55178197380234184,0.60093119484309387,0.78805058440332232,0.75168260674019438,0.26526518241188096
participant,SYNTHETIC_0066,train,0,0,1,0,0.06097874780510442,0.87310312066679729,0.74521447378058048,0.32216067124219272,0.59212785810908763,0.54543348402434211,0.52509690480806204,0.82292589891601953,0.91723193841904482,0.8676632626754287,0.86044399730349652,0.30039579069852884,0.11903734387784273,0.73978312515758027,0.7555175619466884,0.64567301327714266,0.78659305980288796,0.56490986180968084,0.88304700781891976,0.10355094312255655,0.84846858971490624,0.27236888110388235,0.89451902187081744,0.1074852530593185
participant,SYNTHETIC_0067,train,0,1,0,1,0.06441391963234297,0.5148237358947354,0.45547465429739825,0.50635900280116986,0.82670595309544337,0.9205345675212071,0.24931834126214225,0.57429609146426486,0.62468477909612186,0.59444558653420987,0.40812376746218226,0.86261303614294405,0.067383625938137598,0.47557547648629933,0.62758383480142976,0.74248732165430931,0.66385324119218192,0.67505848578268512,0.72069121730432517,0.22101951452695101,0.65446231923549458,0.10657591837446739,0.64045750425930337,0.41674260101234256
participant,SYNTHETIC_0068,train,1,1,0,1,0.73713731036738472,0.3276884716614365,0.26911005555576845,0.33285079479853852,0.34361206854162829,0.55287322386998228,0.89033058426506884,0.53289266702779081,0.61309478860327216,0.53396854663545723,0.52613202709773788,0.32785082471120908,0.54032212262483725,0.33649134301354067,0.097225343168536912,0.1808094822623173,0.73827455543344833,0.43945983426589541,0.94917665246703797,0.80508728308470123,0.26385090271088213,0.80020878375478255,0.64475886233634916,0.18844807369129157
participant,SYNTHETIC_0069,train,1,0,0,0,0.17316505084934186,0.46405240150853588,0.62175876754764525,0.91716379946377835,0.30750986316944301,0.22615118255615463,0.83248085131127569,0.09282022200953341,0.2385220996407269,0.22079430330398753,0.50310658963663191,0.096739484882190141,0.93397451357063699,0.83311772415691199,0.37641368154919125,0.59990167714673193,0.18857735126751796,0.9171531433945096,0.39357770511599222,0.58055185168536583,0.29291325893114634,0.52466084108174449,0.79056461341843165,0.86144464948576416
participant,SYNTHETIC_0070,train,1,1,1,0,0.42214713551841182,0.58505713763859923,0.28989245374242723,0.10602357992902001,0.65330095233544783,0.60949306688833649,0.42302988847779921,0.81585459802943927,0.85183985629282355,0.24251819304391908,0.80198811032617112,0.12087280106695453,0.45018292828122469,0.058220483864734378,0.88774066501216209,0.29757883816814201,0.15889097446656497,0.64826871213538917,0.91420885700818266,0.19947051005834032,0.20092191601379961,0.44248704699733199,0.74684834144268475,0.79278726421159984
participant,SYNTHETIC_0071,train,1,1,1,1,0.62277755247943056,0.17686247551149575,0.50452195561367386,0.22970096001246781,0.8169097868182954,0.81606389886789976,0.10485563181019061,0.9377281803921097,0.7330313197971754,0.19495379812678804,0.32659735291667735,0.69527946643712679,0.064424806532532325,0.11382120728969854,0.22607495662881488,0.42487396283483914,0.63460201989201936,0.67388951118320417,0.72687381181351818,0.49553293595448944,0.74282574377313404,0.54419277678535749,0.28382631947568138,0.64865116071188578
participant,SYNTHETIC_0072,train,1,1,1,1,0.75105783426913619,0.7955000633658672,0.37119141079944967,0.74431193584038968,0.71210185925869196,0.64621536711990246,0.2338144994173782,0.51448494752542917,0.34882178462572666,0.28861870077930463,0.34221003011672274,0.21157923948888052,0.57648814044224217,0.08168202219539035,0.21144739655501554,0.22708071573486788,0.53942854662052642,0.85295254379110641,0.64544011875746377,0.33163081319473381,0.82110458098719052,0.41180161326091391,0.70010028454867179,0.38489867090484337
participant,SYNTHETIC_0073,train,0,0,1,0,0.098210759295443303,0.26375433669832837,0.8388773698724602,0.44175413829752391,0.7806765170778216,0.65172202186784256,0.12855070292894077,0.36405584203957719,0.24142090634807722,0.14761840546646143,0.26730356689887386,0.29496383767176193,0.51669972448279,0.6642154662048817,0.4599335758103188,0.090509464787764365,0.43997397056882459,0.051382882714398739,0.054619982549335179,0.74534651353000092,0.61545968866148559,0.21084534368629987,0.078391386225358739,0.80738345824752422
participant,SYNTHETIC_0074,train,0,1,0,1,0.18492642632787565,0.14008765414095636,0.70896482706220976,0.77803565778110806,0.38559090802609097,0.12972392972912827,0.64337256055114656,0.60950137777901225,0.41396407446884453,0.47256257736127832,0.78013192530100472,0.29318720144233623,0.64307438490134294,0.75872651299395466,0.53863496321609639,0.60657966700573984,0.68856248658535413,0.39714589377218124,0.49054726467949727,0.52067098743049933,0.19591409756003081,0.1486003004873272,0.10917529315350205,0.65527409779477586
participant,SYNTHETIC_0075,train,0,0,1,1,0.094171556512248386,0.71730803264472698,0.24252178783155526,0.52681096305643871,0.2938644158799763,0.20304698542627403,0.43030571564531184,0.096836995883372246,0.44339715006197028,0.86934511119120506,0.76440686974828909,0.43580126880681574,0.89438946478302228,0.12250612862761713,0.69064561656730594,0.82636298278877385,0.27032955971923733,0.31961953849359465,0.12424588506547499,0.70587183734855508,0.62703785222244257,0.23550273930221516,0.115521384890943,0.094720981808795873
participant,SYNTHETIC_0076,train,0,0,1,1,0.76706174184941878,0.76008364927543415,0.45807236302787119,0.62677229429038572,0.68326765273556433,0.86078056626683441,0.28063725115286614,0.48923676657428572,0.27087921163346429,0.76069189384094349,0.25412753786569431,0.15547261806216187,0.64325488299083622,0.48975149977242138,0.33153570759644618,0.14632941726459714,0.071100328393430196,0.14017938661428941,0.59753851176769424,0.53096408904998182,0.68651438754095484,0.70937296721467336,0.17467794870078918,0.3075633554210917
participant,SYNTHETIC_0077,train,0,1,1,0,0.28378913701735525,0.26180653857085001,0.69714066659495111,0.5267760281228504,0.23879227792969676,0.66311401984993945,0.70506300663571486,0.94272417471328884,0.5116376034222867,0.93661855773797886,0.056666663247204568,0.74141170263186229,0.16449158451255702,0.66234897527810599,0.69246883492606393,0.15217893401625696,0.85135685406091732,0.75596024402593698,0.28946905897173542,0.75714815347610054,0.28195235635123,0.32410609477552593,0.65777043123014778,0.57804388357233449
participant,SYNTHETIC_0078,train,0,0,1,1,0.050680145929267832,0.66444501225660901,0.7782710630170756,0.75497745495827195,0.057637799399771254,0.31291903534632476,0.27334765517977289,0.80599355539034734,0.28191437766020322,0.29787524859832326,0.66220443102718396,0.1381218608258985,0.79926234353309189,0.089704287916388542,0.62052478613174189,0.41118994997627972,0.57510735013229453,0.34139107494268561,0.2981044922534079,0.22893083627403554,0.83106812314717693,0.52415792830238717,0.6955202204145573,0.74426823300736722
participant,SYNTHETIC_0079,train,1,1,1,0,0.25850589463643925,0.86719584070805378,0.64483475850345406,0.20494294600683532,0.072147135445946864,0.21766165099337925,0.6181406529825394,0.24331704517592245,0.3059825769357411,0.1140487284781799,0.10227882708349784,0.34554697185060046,0.091533374831610059,0.92191206792291158,0.59574762104597623,0.50388728022355511,0.6048056021063517,0.16568386330402335,0.29913592766391212,0.67317387580577503,0.26053232477725263,0.40555174133798283,0.66633821841462171,0.055336102185710383
participant,SYNTHETIC_0080,train,1,1,1,0,0.77891241988788684,0.062165116687863536,0.85572153099041159,0.34042429976662725,0.059866219014359137,0.12434809088520342,0.297898041635974,0.82909014472967013,0.87769626536029299,0.76112491702088081,0.88679364780386771,0.35187366855082097,0.28693600601773583,0.57545373513472453,0.22509621753452946,0.075492008770410832,0.31282669420623849,0.79324452413092661,0.75347059420406559,0.74279022530085559,0.82259454334443416,0.72024034840546891,0.32922516507851896,0.52264533949976189
participant,SYNTHETIC_0081,train,1,1,1,1,0.89410788862560941,0.84922160057519513,0.17423608220232251,0.20653060211683905,0.35906971643731472,0.36305644499589074,0.49862093741450653,0.22108372254434255,0.48410993605530472,0.083062101700455623,0.72213740496678336,0.80369651110512386,0.32811592370235909,0.55467185191180501,0.86885060724607177,0.055239003097550171,0.14783112832135137,0.53538528537533636,0.94561547235680854,0.16556925870703532,0.4327324663826998,0.13464238666625836,0.20379740588630924,0.87691032547513781
participant,SYNTHETIC_0082,train,1,0,0,0,0.3076510087026037,0.36636583907362869,0.15248778484553921,0.9208157360690632,0.74000293479664192,0.62805996518782936,0.36931143336136057,0.19198235361889987,0.70659493058770684,0.59337299366415819,0.21152333446649452,0.23427083219658751,0.87108153474853944,0.24275119214179264,0.59950979591753895,0.5610544146236105,0.58134811099358374,0.44841906836798623,0.50105482169151361,0.60384824500607437,0.83788934351590405,0.32565124493984965,0.21925456395071191,0.93151670973839718
participant,SYNTHETIC_0083,train,1,1,0,1,0.27002751973783462,0.34747083955257285,0.59012124838875146,0.78923445823094562,0.70525312657434347,0.47870996823523393,0.64621360212329937,0.079357023495518514,0.80210084902647116,0.48568909262020871,0.70101326902564343,0.14611378508502584,0.29657981458569016,0.50950864403789409,0.073322868272299571,0.12092470815753802,0.46219601358960821,0.4983921338969704,0.27527807967333673,0.8099156130862859,0.35243319959608488,0.45255258153554556,0.061888489991390905,0.12660566781367649
participant,SYNTHETIC_0084,train,1,0,1,0,0.40402231341424383,0.13429261532497411,0.39753723518861295,0.24339488109233487,0.94712479908372471,0.28353872940013597,0.40821971455966516,0.20499273500100956,0.36797100258143056,0.65668618046556515,0.71251581626965788,0.15374546032761452,0.94821434258259596,0.087488665720800579,0.80278967210272456,0.75306185439198481,0.80994905875848344,0.92871559577553853,0.73696199351065994,0.64460266747333428,0.4359117048175612,0.68050975600562003,0.33522918295556292,0.48142281413963967
participant,SYNTHETIC_0085,train,0,1,1,0,0.11961913891856041,0.1078982924516553,0.74952032204413366,0.1268607744673203,0.52117109509535386,0.37315254360498712,0.70253679528114066,0.41520633157249887,0.074753021339515849,0.1264368840714343,0.65465371054659871,0.382811717674788,0.55167342338586201,0.053706436768003067,0.49609006478580142,0.53693552929738464,0.70295218550956673,0.63146950214229181,0.66685757524435285,0.15918911346482373,0.85839679654202672,0.50161327698859071,0.28670519695969238,0.85162186127529238
participant,SYNTHETIC_0086,train,0,0,0,0,0.90658017688503789,0.75055195714535328,0.86307888506177766,0.18851463453130607,0.08256464209681752,0.078502746180417526,0.94540288589454846,0.8298041803163706,0.2761874342236188,0.23457484947975576,0.49716376700734849,0.55879328473034462,0.5117218179949401,0.29953118200878054,0.47385591860389908,0.25258079474068962,0.51770021868164506,0.68999541151354404,0.77631885291868652,0.58013498399346242,0.8904710556154144,0.82446937714710611,0.17170629467610266,0.80269136252408335
participant,SYNTHETIC_0087,train,0,1,1,0,0.56285636428555563,0.3647373660076299,0.72758551243301273,0.87448761210370651,0.69460510565570999,0.45426453713952542,0.14127962194068722,0.36328984177442447,0.73636329123665611,0.91214404477590771,0.74921706871998806,0.92544760364717205,0.57933830703656364,0.90216132689510631,0.22530560413959522,0.37117387108041189,0.56610167462445027,0.86989281259231221,0.2677683985589297,0.10068414003127028,0.89637947245288407,0.60536368482657443,0.23758155892258814,0.26746853411140342
participant,SYNTHETIC_0088,train,0,1,1,0,0.78501789857698079,0.45803282644463161,0.70000824361537017,0.74635344598344211,0.27273769590817565,0.34540357244640363,0.24051745162559052,0.52813356466707517,0.060544502086744417,0.45247738485386524,0.14409996650421661,0.39014096994469422,0.23549160898727334,0.40389531770247739,0.45348595082503906,0.243248951603244,0.65457443988483943,0.27581250407106261,0.90762379077278355,0.47379182958704785,0.63563820068425336,0.61778731861081881,0.69863590047632351,0.93169126416983883
participant,SYNTHETIC_0089,train,1,0,1,0,0.25286357509589974,0.87541731611195261,0.13765908919007275,0.39495174982242737,0.33194915142988635,0.67058104698502374,0.76586466147286236,0.63465871750035485,0.62346685360659737,0.8333009644584316,0.72220495931791029,0.73544413338347281,0.75273642989711964,0.11758460620784683,0.34084151433264831,0.091067020292222953,0.69181022173806417,0.77077196337245546,0.062393491435435801,0.3054283424221706,0.92231658439362874,0.56201668482904366,0.081730466996958046,0.66096924849599181
participant,SYNTHETIC_0090,train,0,0,1,0,0.49198509567212362,0.79317241703686259,0.65351402241614398,0.5935797662437462,0.21001543671954287,0.58593067914344177,0.38649853844833659,0.5174318406921663,0.93739022915070902,0.78024694904953129,0.81274913305644281,0.26185818797808463,0.6550393921397718,0.69217778146235542,0.80954101009926804,0.31557957131736675,0.25248723342868973,0.44379338163571747,0.60343211846668388,0.49380020038569861,0.89281204280120274,0.077238867824979768,0.55172687730758718,0.80789322849338074
participant,SYNTHETIC_0091,train,1,0,1,0,0.40109770328893141,0.83663229510627712,0.66078288635871718,0.5568538960336028,0.84755396455724386,0.30935984059171329,0.13340956357076511,0.49486281003845817,0.24759785955362756,0.65962853191121629,0.40313740004691789,0.12442908130296294,0.76925981367040486,0.76396616883531399,0.051136008013869319,0.066317231379131938,0.85151014168684669,0.15961990788630934,0.29481527410258151,0.8874925442332976,0.60491240756314291,0.41456791941016391,0.50986171483873843,0.34683289863351263
participant,SYNTHETIC_0092,train,0,1,1,1,0.78149325393027047,0.42456899289768418,0.2375031507148111,0.25624274369893502,0.31632737747223577,0.14565820189471873,0.81896912557619206,0.18740580091895842,0.92498159076640651,0.66617763852258927,0.53109818223336902,0.25400248180315199,0.8610288844559314,0.86484767924794126,0.87042833345165449,0.58450018023734351,0.81452464112478218,0.7505946831443524,0.068925550208973368,0.83157382625466481,0.42669585084800299,0.82256867417179758,0.52425646853789087,0.48840231496694592
participant,SYNTHETIC_0093,train,1,0,0,0,0.61485309371904151,0.76582918194937688,0.29269746795425955,0.25043106353204453,0.14474243090147665,0.68913486528073153,0.25021316543816113,0.55371826093196364,0.39667622402379821,0.93081809681525518,0.54220865024867193,0.25723699851044024,0.39597330969470701,0.50893011864991833,0.52557954308438914,0.82102268899292075,0.92780308531360645,0.86941746057201963,0.29363162820140704,0.6384019695117904,0.37452460841929214,0.70036212193755243,0.393428326872861,0.34348152009682786
participant,SYNTHETIC_0094,train,0,1,1,0,0.59283253752128739,0.61757911014224698,0.34741310640615242,0.092377982480936538,0.20795456699778314,0.23465375109787606,0.5126760184180269,0.4085227384766747,0.28012293281000888,0.94182885521149629,0.82740841909245677,0.14899268901121193,0.73979706771702458,0.64106154066051091,0.94932264737522887,0.51495241443282957,0.65419792629282714,0.66320314451293394,0.84987901364271046,0.73099409052304165,0.3799331746061515,0.8380666545500266,0.30840378502635701,0.54070547048809992
participant,SYNTHETIC_0095,train,1,1,0,0,0.378376195560643,0.94883819170098482,0.068009798744545477,0.31728696502004589,0.3842329611341484,0.06189433896959378,0.33519097793540426,0.30874084854409028,0.54756723491328207,0.76446245226981335,0.31237935636224384,0.74041096415284768,0.3387707717152163,0.79239671736480266,0.14158720939206257,0.26858824671850418,0.94223556136992181,0.93356411423918007,0.13622267143903299,0.42684681250997042,0.75399157761002056,0.89582840506601924,0.36646201771982323,0.68265536152606376
participant,SYNTHETIC_0096,train,0,0,1,1,0.20513442595015224,0.28698228248867297,0.059377732482350856,0.70565744256797103,0.46295538866145181,0.12009708842903048,0.61067359980613578,0.75556009234311661,0.25213878340723206,0.34181702239969691,0.11397904557494209,0.56082999812486711,0.59944331373514903,0.25046830805903281,0.78761868295134896,0.32072345998432089,0.22791619078154773,0.92855466508967932,0.3941073477589554,0.40547193954509342,0.10636009351116874,0.84162788362035179,0.1869964744957634,0.94657819665761966
participant,SYNTHETIC_0097,train,1,0,1,0,0.1775643832715243,0.55632662343810668,0.66592837252335868,0.14534235675107177,0.74138395244782929,0.90352009073190376,0.68528133015869575,0.57199269097003003,0.82987830657632433,0.065679493801124283,0.40254130358309664,0.8863683121335878,0.73168930853721426,0.73957509601617,0.27239993361686976,0.63891666624039056,0.1079791027995731,0.46353036506026524,0.84899051336186993,0.35090434525539471,0.4678238326058074,0.68548838927937061,0.24041416984288999,0.86654049092103513
participant,SYNTHETIC_0098,train,0,0,0,0,0.33927869843649211,0.25368743661065235,0.10769752736003563,0.66368461277125479,0.095076018478552932,0.19234374204984733,0.44432382654192343,0.92244431367289315,0.58590520838766413,0.38410452401086698,0.40631987762507626,0.57638028121053542,0.34208483399200346,0.68798080919103,0.36615393472140317,0.66193498177030841,0.20270864978125591,0.063285121517806117,0.47923253114636949,0.8785975470959585,0.4051139587624274,0.78033971455815043,0.66204446817531748,0.84282812638220639
participant,SYNTHETIC_0099,train,0,0,0,0,0.48718957297242615,0.15950257779105204,0.34948842320102824,0.36411647166573613,0.39579415677574953,0.8255833675566675,0.7625777135271824,0.87026466433041505,0.39308947146174422,0.18835347777956413,0.41452719806568633,0.69298120034588129,0.52780349269430427,0.21253215824234306,0.8065056042222255,0.88821434743977179,0.40571344625006056,0.24070296640930039,0.83092159731846083,0.88436226396614659,0.45411086543158108,0.28848793329817912,0.69781718695691974,0.703294296308693
participant,SYNTHETIC_0100,train,1,0,1,0,0.77475021924756871,0.21722065261968043,0.56016130776640405,0.39361098083165491,0.91462804449270763,0.7961450803157416,0.4673696942140072,0.48527967983490772,0.62560590735561716,0.11469718497522542,0.51942987652220907,0.69044540857839753,0.32182120728785663,0.51452162740659846,0.67921003541309066,0.80865052448470764,0.58065648983725504,0.69293268391878349,0.8487807189975406,0.82643673972247789,0.18996288843770154,0.14346629171384639,0.53628668787530265,0.17359026653224319
participant,SYNTHETIC_0101,train,0,0,0,1,0.15621456117773624,0.49184446309579977,0.43814032983473949,0.09056522984684931,0.81041615934391731,0.86078501399588547,0.61656485425552932,0.51905160093866154,0.82559095958983475,0.13791993602586894,0.61546016571101825,0.18966442791987664,0.91732621461673902,0.28649295639550709,0.78223338733264058,0.71775343359270272,0.64456382145505708,0.30430763048347315,0.2587321618294296,0.58925412641467345,0.10558388999311602,0.21277413717734212,0.23734278432710737,0.261776045309912
participant,SYNTHETIC_0102,train,1,0,1,0,0.62828564612791427,0.5087589535044581,0.55123517241214759,0.58601352075045687,0.62919684132974096,0.42956285798613059,0.27951977140050527,0.56709408267286299,0.94782357171781806,0.085314216469356371,0.10332794606051576,0.71894277662730732,0.64658104303121278,0.34083031806777997,0.79390239042941935,0.18239391522717169,0.79268629181469563,0.069400491283197016,0.88518285205452241,0.30431054788618617,0.45561320958297058,0.83586702368930421,0.89943142806721121,0.16939239818369561
participant,SYNTHETIC_0103,train,1,0,0,0,0.39570448201433611,0.5251442399305577,0.67802742287358608,0.72218853094754454,0.80415745221834867,0.31678866845414866,0.2906457109526549,0.4023365602271558,0.20476732113059082,0.52475722001744551,0.49992048078638823,0.44301065704957093,0.60023442931018711,0.65327226916334469,0.9180986341692452,0.65350931266655332,0.5284412949706333,0.69964287337323439,0.23396679578377044,0.24559714567136526,0.74509829024319696,0.35768996016195365,0.67546575956843491,0.89194547925598233
participant,SYNTHETIC_0104,train,0,0,1,1,0.48416280363336145,0.65214804434009099,0.52516439853969743,0.90835632022921697,0.91067088259426487,0.25820863359337792,0.87688560619631539,0.18714744636902791,0.28462028782654286,0.66596929537999416,0.49199621888311079,0.94715210283169871,0.50780052559811384,0.60735435899318213,0.55087621945950771,0.21913601822489032,0.28728964771745241,0.8034842177819157,0.11095351682391789,0.28934637802862434,0.67790500610254723,0.14852030782044656,0.93521366981714149,0.69995799355050969
participant,SYNTHETIC_0105,train,1,0,0,0,0.33559372034099777,0.54498177422258376,0.78123665979759749,0.83991051837056319,0.58897313215726776,0.20974381922160851,0.9054434281602125,0.92844051468551325,0.52412651314247116,0.23298571196815587,0.56751174799399906,0.73285971379966586,0.11673164448479155,0.67384165164296561,0.094737619225052444,0.074446228095477782,0.50082408222323982,0.57473203087377789,0.75804623795441672,0.55033309611440395,0.65833546432623791,0.35486180991367738,0.85965232985168671,0.88271964184940588
participant,SYNTHETIC_0106,train,1,0,1,0,0.75415882795909006,0.38103180097517042,0.5933999526643684,0.25395895396432955,0.40768558962797302,0.67742682458012804,0.31044489803691899,0.63271237247923173,0.86083726532080107,0.44723856295611875,0.74811395023664717,0.089244222413318253,0.64454778194404883,0.41356401890508843,0.78977317877690079,0.075092482013020906,0.91659207309688207,0.7283877792957042,0.35464981785947919,0.74451015667101572,0.48604719885897807,0.88696698233040172,0.70630550184386443,0.17570818269475919
participant,SYNTHETIC_0107,train,1,1,0,0,0.78761499298698834,0.61913977266166786,0.63624428600583682,0.35939174645007421,0.49413865099175641,0.92905253501645124,0.63619101952402068,0.15924707276442235,0.75483456206478206,0.45687529034549657,0.12932100394495682,0.76757937336176341,0.88386061284919959,0.7602631363749095,0.5255471778430052,0.34874376388590067,0.16204682146510915,0.19013067817761053,0.75228976940892267,0.82121551387048042,0.54222312619569302,0.50949266828782469,0.68961116013126833,0.18475199346920629
participant,SYNTHETIC_0108,train,0,1,1,0,0.90060468786988523,0.15906463173072499,0.11767084985903811,0.88977901220849664,0.71509451498754595,0.53115341189305953,0.11296622798271734,0.19339059223971999,0.40042911665080316,0.064454530908294297,0.38328929403160611,0.51486473913545505,0.64346319152359177,0.13891556069110772,0.72374848318055629,0.91826005791479492,0.14493949677461482,0.45349874396934797,0.34202199712499864,0.59925749462061007,0.78560920828044167,0.20170176643218601,0.87259311077949697,0.45629809307130575
participant,SYNTHETIC_0109,train,0,1,0,1,0.81301255084315727,0.30132759816473942,0.41566958697589701,0.89204274214833423,0.3087495927016804,0.58030344246902987,0.66542395044614566,0.92190916828101843,0.55434619138614127,0.10510206698508565,0.66848222827975856,0.15173202688058607,0.11465664941103086,0.75060739549973843,0.43447549102525052,0.093136625197378892,0.4529523944004295,0.69102633783554401,0.87879693049784724,0.36467584481933302,0.45021260804704155,0.81244463625323138,0.68597844057530966,0.93034794820862476
participant,SYNTHETIC_0110,train,1,0,0,0,0.25597086855626661,0.29958950999283684,0.41090961060968423,0.48119454055387173,0.47058425507255924,0.49216935040064042,0.86038013744673592,0.69231094371359281,0.15756365266992722,0.09741228749888825,0.55432092807783984,0.85572508344807341,0.65614239634722404,0.14778710259500311,0.79926294081274185,0.14542278461745453,0.72289137954683846,0.62614697219015825,0.084624340782327265,0.19625166443123898,0.63476881789428286,0.2367970945767095,0.36504151637357751,0.77989879772103765
participant,SYNTHETIC_0111,train,1,0,0,1,0.8904955579899706,0.34838726932972913,0.43236229248493835,0.18629013425036561,0.24704674975316288,0.28890759541408179,0.055460086542501764,0.62251775392534359,0.32383458517011943,0.77530431918774623,0.16964122703562612,0.13006058567564149,0.068299597808967799,0.81194809737552942,0.57551913845062885,0.4177515623194239,0.69179678850639881,0.3239963065144652,0.050622221759350265,0.25739716374450361,0.83568848649566574,0.79765354619190532,0.67992829759284912,0.79132265894819331
participant,SYNTHETIC_0112,train,1,1,0,1,0.58534570201665836,0.68939201719720411,0.14273958014222479,0.053510297683269453,0.065870694558066115,0.51229341614996649,0.61770962907022531,0.29163520748735017,0.46613718248072578,0.53338392137003265,0.7752788175791695,0.80399482272044986,0.75300924516206946,0.14342941138459564,0.46133053775259758,0.13484143406904014,0.34577784982157589,0.22597129667609572,0.65427424227972653,0.30205833093633133,0.37906604023062351,0.30078040214384261,0.092069639634596009,0.51422545360691996
participant,SYNTHETIC_0113,train,1,0,1,0,0.35245771381301488,0.41290207082027286,0.21637288177002018,0.86773894522769057,0.62534864869633522,0.4856281759148201,0.4736802589334338,0.60762719931178344,0.21458996466783314,0.68713811115723911,0.52650868557590813,0.2464274449793406,0.28597465702497876,0.21987753143520983,0.45897001879557625,0.2060192112563935,0.10141000881093304,0.22785001216546791,0.71292914749065706,0.34771246963384078,0.3893373380925198,0.90811443144647686,0.5807995437196567,0.38852745894641216
participant,SYNTHETIC_0114,train,1,1,1,0,0.12477365697657888,0.50261997132684388,0.71109763715097574,0.079477452812599381,0.39427369257442979,0.63999902260367159,0.27852257163474853,0.66803131510600722,0.50949222327714161,0.60669066809293892,0.86403009959456134,0.62228541136966919,0.86717945091753457,0.19646363086722685,0.67456985184846929,0.60888184216247421,0.54508427204167365,0.70141309851866207,0.71221294985673256,0.15079653906016816,0.6907590983118822,0.93584684717099031,0.80654991958993494,0.13738547504097359
participant,SYNTHETIC_0115,train,0,0,0,1,0.26885207328579341,0.49294866020493411,0.12989968042548911,0.72848728303512622,0.66587759237553212,0.50307170516201927,0.061877634105273763,0.51344005344660415,0.44994211720099164,0.19837380077822381,0.86839802657199883,0.65433672484509753,0.89207718723728802,0.077382483915820449,0.63542270692713265,0.24699037861245732,0.13584460313384419,0.45112679982973913,0.84489992581952644,0.36665273034275991,0.28545881254912542,0.55390215269462439,0.79428449548271873,0.68965503493749236
participant,SYNTHETIC_0116,train,0,0,1,1,0.073542758524567514,0.62093826693609677,0.11636548019899638,0.26397278183204687,0.39266887685927465,0.12631824305332173,0.28044833521535106,0.77232287398872446,0.58129561974708854,0.33868208195201027,0.071580118403532872,0.48076262872515196,0.70857784434582605,0.15703892822077642,0.29032087959397979,0.42926219163308449,0.72565539650700095,0.23088325379727442,0.053665504691552783,0.91117910346473696,0.082697840156059493,0.20821871641871748,0.87823040530629848,0.27059528150894385
participant,SYNTHETIC_0117,train,1,0,1,0,0.75552856095877552,0.69557272867855502,0.082135626325334291,0.89635061600086141,0.24481757335064158,0.17450008622731566,0.31256653966029474,0.15151571774508765,0.082682506260328234,0.90632463109606198,0.92100970620583578,0.79658826203125488,0.13469339476201525,0.26058334475824063,0.51085354292216956,0.78320767734759766,0.13808527363776008,0.4452711476550763,0.73851412376763093,0.12840378082665557,0.21425480007669362,0.34349093403330411,0.85105984160833359,0.87533888767387102
participant,SYNTHETIC_0118,train,1,1,0,0,0.6747166560304656,0.23059464730279672,0.50543433930298254,0.16366066934455728,0.36374447123784293,0.8465666969530572,0.12833652528243075,0.47289221807749637,0.49273085293914509,0.59927278008381146,0.22215509240995818,0.50077585685458859,0.65913829348425024,0.22516605291279029,0.83691820902236502,0.066168242875252914,0.22163975344981834,0.1513285130622759,0.48555439813517826,0.36993217423533126,0.41043145848324769,0.92502126108716365,0.70490158708751416,0.72125159404500594
participant,SYNTHETIC_0119,train,1,0,1,0,0.29464888783804177,0.075119349849038133,0.107233184658176,0.78831500455161818,0.1902478058458188,0.62020998269526051,0.46297786438167765,0.37651437435754781,0.47276555388622798,0.89333123165116102,0.2103849316919873,0.48251741371036561,0.85728539725137964,0.6720741522528193,0.62261949918846671,0.79075994873893662,0.88652548329036229,0.83865674105288435,0.60338081210028993,0.82631811900646968,0.56046230402075836,0.72857695691000979,0.27286647102442585,0.63380221788849533
participant,SYNTHETIC_0120,train,0,1,0,0,0.60383537834016943,0.106529336473605,0.81354508370026335,0.21040268479687657,0.91549959947361981,0.079608655866233752,0.63894886845479548,0.71687929462154065,0.52463957112046389,0.53791345832393445,0.2998199403845761,0.74910533529542411,0.10067860744668353,0.19798438420499465,0.70998292718014977,0.4112304113619733,0.17581594742715134,0.9003386956581354,0.91649105059855029,0.85957865643205666,0.5050798378982907,0.86469130510015313,0.53372973686146752,0.63293518982025898
participant,SYNTHETIC_0121,train,1,1,1,1,0.53002660260090695,0.12602480773069269,0.069323093129887797,0.56633127410250528,0.85885482907958821,0.87990686810184071,0.94556340151124818,0.077754355762424787,0.48178831795896021,0.45446641664709853,0.56552846057489858,0.45057326787018842,0.79449418196592048,0.54848724857352615,0.35685787057610546,0.1696088988156505,0.67348777574441099,0.6165840314973503,0.29225598118263574,0.77239980041807321,0.76506452767046385,0.88491482839376112,0.33922101450838993,0.72567202205679204
participant,SYNTHETIC_0122,train,0,0,1,1,0.34443468526358995,0.8570649397467478,0.34785159672459592,0.54248273350439824,0.47947729206077494,0.75733423403769529,0.26059915337668521,0.68848966533304679,0.29363477725276382,0.52432730684680606,0.66429745855529032,0.58889660714802283,0.3534477251115466,0.5610848616812667,0.19561437950919996,0.27936537134931022,0.38270499681341463,0.64187901901271482,0.39748212696622326,0.94877996885407734,0.82306360571577453,0.53894387998800042,0.88641033606825093,0.34160234857598099
participant,SYNTHETIC_0123,train,1,0,0,1,0.70294123508650097,0.20872766737636556,0.14029078324389793,0.61440148721199661,0.82165312884722219,0.27503314902818476,0.35626729820707909,0.83368127587315699,0.88640832746956455,0.47722989079063421,0.56522914421615433,0.71022404690298302,0.42662753907250683,0.74701096550912738,0.28644745630800172,0.26483889548840756,0.20114382067692155,0.90403504067432772,0.075737849496095813,0.54660917750646654,0.5045359402233337,0.46283314521192442,0.40489402367742333,0.3128057586847246
participant,SYNTHETIC_0124,train,1,1,1,1,0.93695501763243771,0.057589547176158544,0.4593515062319502,0.60901070727911566,0.44996778178325625,0.67868220979041727,0.84000967528550707,0.3976038465798773,0.48707093060435896,0.86798864068806925,0.125138843398723,0.82479235908796267,0.94757947835828937,0.3090841886524669,0.079004806532867553,0.40050630045867935,0.43157719845970544,0.74822465448640563,0.67328253937485882,0.50717859219134842,0.56106120750642108,0.66378515437874996,0.72703833723833111,0.65271077112299858
participant,SYNTHETIC_0125,train,0,1,0,0,0.31957057546010326,0.61845045525421671,0.81125032825205068,0.26211740851958926,0.15145431363039064,0.39634589442707963,0.35336753434324653,0.30998572382873402,0.065403865399906225,0.30853544985941167,0.17068601505773923,0.06996159996959038,0.072391100533692881,0.27638817672359423,0.87443195756082182,0.36527156993407922,0.069589582925102519,0.086739490574902572,0.60619946461400975,0.10786388879970102,0.46268827372774729,0.31987456322587193,0.44610118725654874,0.49781232966949662
participant,SYNTHETIC_0126,train,1,1,0,1,0.11939463250661726,0.14863610551582079,0.19791193655693667,0.21199859549292349,0.34517450908108793,0.9140341181377849,0.4160279726198205,0.40200595864603289,0.4069299323700481,0.10855579711985383,0.26784032082472131,0.55464523595866011,0.913083963385381,0.65396559658762365,0.34811284676827081,0.34664003926320375,0.49360835785237767,0.75650355011860793,0.89311468712568387,0.21958502585206435,0.65510332439535879,0.068746363520750212,0.88676742260584784,0.055080446795219534
participant,SYNTHETIC_0127,train,0,1,0,0,0.46037898228581953,0.62660262951022938,0.1633789199504278,0.6126325812085115,0.3504316233451395,0.15649482405177095,0.56750028797993501,0.69745549361942816,0.15350135402513509,0.1421370485857632,0.40344595410333672,0.52307753782096866,0.37348647067955992,0.42324235525722692,0.49877009625914531,0.67120091906768165,0.48995140777284574,0.17845373927975511,0.13632947099852,0.42018027939096697,0.69499795253273811,0.43764674731021913,0.38671198967211007,0.68777386218572234
participant,SYNTHETIC_0128,train,1,0,1,0,0.93546586211525329,0.85090814970381168,0.26005537988715044,0.1799014608769483,0.40572755145912204,0.69428988104085043,0.13941975137885898,0.90169257971710171,0.55324173174893665,0.92746956993759277,0.51710467860953169,0.63622036400727466,0.88331277796926266,0.31488158484906453,0.30800181484885031,0.34430434094584222,0.63551995165959774,0.27056822182984902,0.24085301525128044,0.66538221867574632,0.19044660755499504,0.15609250317068191,0.2469227117204954,0.69394154621943038
participant,SYNTHETIC_0129,train,1,0,1,1,0.054569460163269946,0.51208636486860803,0.63002352516328464,0.66129499098592737,0.17594388611208384,0.60948129958373187,0.38360117791879567,0.46022807153606504,0.67553850237753665,0.67713838225195766,0.53084755050492427,0.32075830438011171,0.25929676042656963,0.46149377921164009,0.08579316757634417,0.82860215216112076,0.53383424875262953,0.77239262483650428,0.73214622057532008,0.88899913479925852,0.17593433264543368,0.77977811598944702,0.48347877430096847,0.44077170570275925
participant,SYNTHETIC_0130,train,1,1,1,0,0.48580844595789963,0.38095540034333575,0.77286060945023749,0.483299955504218,0.11287801655039441,0.74750387430932363,0.055934294188660041,0.14355959824557149,0.66919814364056696,0.221098710329867,0.86048391999791007,0.91366116408049713,0.42251776684544506,0.26404967889908371,0.1536301862122067,0.88220001618338029,0.50057363120898146,0.695201383047931,0.34380222880230865,0.21529731985130551,0.64320748714445286,0.43961783429234425,0.40670300897403638,0.46499985880793732
participant,SYNTHETIC_0131,train,0,0,1,0,0.27876464662384071,0.39759270570488853,0.72804730148301888,0.74208168166960442,0.73913694318289114,0.92084937036648828,0.28111707163536764,0.68733999433696635,0.38335560485554682,0.22900016541000229,0.79034137483786038,0.67420630022016459,0.58968552278957886,0.32571158496946223,0.55676061071735417,0.52286651849914501,0.7698402705463312,0.21290209727941645,0.35469572408721284,0.053578158539390679,0.39954914272646957,0.85378760175848767,0.33267698590618061,0.91608212951504142
participant,SYNTHETIC_0132,train,1,0,0,1,0.22649202565871662,0.77876773400491628,0.29976110235891845,0.63214931838222133,0.71205489239043307,0.19873231897949017,0.56379337076827796,0.85787195405386929,0.42564839509265634,0.23553365128313103,0.19264665838664413,0.59317010815855142,0.3057298243504939,0.33019600693560114,0.92449640632802332,0.9271983099089055,0.53783623714168238,0.57368824093435078,0.41799633139399006,0.24966762496690481,0.76889746313434204,0.6944459235287187,0.099131933690325177,0.40018140734539442
participant,SYNTHETIC_0133,train,1,0,0,0,0.627583687343791,0.30241183554586221,0.42869172135538375,0.34479893507465798,0.4235851974185183,0.82450250411446757,0.7731731762581987,0.16420881046072072,0.16383259496490027,0.92209508073929558,0.39092338933254123,0.08681269399853539,0.28347978586549505,0.080059943666486638,0.41574733415554799,0.1200713277196858,0.3948365296425253,0.55912506556654717,0.83142370146031686,0.43156944953920917,0.3390939207294113,0.64421478358510098,0.63393915202269213,0.36445433276673411
participant,SYNTHETIC_0134,train,1,1,1,0,0.67867955655028378,0.59579616019459247,0.19735457016551788,0.43471484252399029,0.33261202281608798,0.3315551244720828,0.05321822595325551,0.78386512270150654,0.71274624663468511,0.086996979688038961,0.12068174207081961,0.34121671486276967,0.49295129090241796,0.39172323033153617,0.73107363839018502,0.25235825043881294,0.37881471616772355,0.26601081358824091,0.56353176708919794,0.88576257670158487,0.26261228873889447,0.26701268356657093,0.56089215600824738,0.12639720092998086
participant,SYNTHETIC_0135,train,1,1,0,1,0.50764992331115277,0.27166664855154121,0.16267200515983168,0.31841503239747571,0.30357285222906649,0.6594443329868912,0.52303441848654464,0.34549225059987221,0.088898536231643219,0.84756379481694855,0.89501780645542972,0.67709736038279345,0.052401750277677232,0.2093380169238242,0.8400183835425421,0.17170578277495979,0.61891587997092024,0.74445065167146185,0.22216379914408635,0.65863443132749377,0.59531764073263194,0.19757283542713849,0.62904413476364118,0.34565098746424994
participant,SYNTHETIC_0136,train,1,0,1,1,0.095676137791864985,0.34521091169255314,0.20289559706461857,0.75447204853531469,0.49851627665249792,0.090257359262790049,0.15045939887455861,0.68913350321725808,0.11355997414072661,0.57426057308183698,0.53786668866103848,0.079839431249209683,0.20238237209026977,0.44977896119887883,0.5751083121265248,0.89177840215298498,0.38756070928658504,0.46779600842141994,0.43448471018195167,0.75419317402953856,0.2729019682689009,0.73837176629419998,0.13680260488203538,0.17026256552929159
participant,SYNTHETIC_0137,train,1,0,1,1,0.74370904681473837,0.10429263213720234,0.43812549908815868,0.39178603621945668,0.51555615455858694,0.3308691298006301,0.42396317779467468,0.14023831898935696,0.21679532451385264,0.29414770651032834,0.36033377319531651,0.11714171816474697,0.42101294258984684,0.64070157644732173,0.42691660050802849,0.46640482972478553,0.090576893664659708,0.41093723794070824,0.43780955861540483,0.17934541464350695,0.1118872081465033,0.23769534054863251,0.48650064554193145,0.91992331778821979
participant,SYNTHETIC_0138,train,1,0,1,0,0.53493905399775665,0.83072201509806498,0.28422561497708593,0.49037660119643556,0.75442943066694934,0.91370544355461836,0.83364621903251857,0.39851467558793624,0.31207018517313834,0.43386581698009979,0.59115419901879029,0.3460251924483414,0.053964427472932945,0.76621338294269992,0.11834018560960785,0.23651304653660155,0.93552594286788693,0.90406489157265979,0.70846754207708895,0.8929743212689969,0.81812909538486012,0.89855502015576316,0.44728492176528351,0.82369899368402366
participant,SYNTHETIC_0139,train,1,0,1,0,0.55345671062940704,0.76861926785464252,0.41258732375988544,0.63834286381794358,0.48529808580702682,0.94008650630186641,0.50364785955801905,0.79246845549932232,0.55832845605324299,0.74216103812975798,0.94743535297055026,0.47741316509675241,0.19553507133352105,0.45114098766848498,0.88841358904979861,0.39588390043873001,0.19890862459920305,0.16251530291107252,0.63691903004535444,0.1798862044608901,0.6994562519694496,0.94805500003102539,0.65601598096225655,0.80618827518712066
participant,SYNTHETIC_0140,train,1,0,1,0,0.92004069764666463,0.082827311957187316,0.26415266412812133,0.49539888195180104,0.74049138923802826,0.27054589426547865,0.25048418012257151,0.49353381693899651,0.60358562509850444,0.80756871424432775,0.77764543394145769,0.76004538249585973,0.44253018588808529,0.20177525785287664,0.19441549004573505,0.54397379703730508,0.7751959156412126,0.77069856521862234,0.39627138231351922,0.72581504603984603,0.75412139605895123,0.76838713421956106,0.32375983605319231,0.7443684394180814
participant,SYNTHETIC_0141,train,1,1,1,0,0.92653206491309603,0.86363442508513477,0.45174938008920751,0.085523047190385698,0.86300642373525127,0.095560258995613573,0.64735509001930402,0.52753281654021955,0.32586292156548535,0.65297851198141454,0.13484177198181782,0.89998704154056597,0.62345643528330297,0.81084968961699411,0.050961058316618936,0.1613750500806827,0.29598427930039256,0.6679847613903217,0.23146194924629782,0.39689322255476367,0.20714280217321396,0.89281694785130572,0.70066752468530757,0.93181613644631167
participant,SYNTHETIC_0142,train,1,1,0,1,0.72742922331586546,0.30646626881946054,0.60400230959498047,0.62870098762080362,0.62728513687004739,0.79586484900527132,0.36808435760925146,0.3785348248225755,0.48577951853186113,0.10051079009860031,0.84958977921103429,0.64055057806986282,0.15589372261001361,0.20282737116503452,0.93517661328499013,0.41051920796724201,0.75484780070776492,0.074067720822976399,0.29749143723410248,0.91595556900647268,0.58219164024739667,0.46473011701265049,0.7719655551576422,0.25575903591908006
participant,SYNTHETIC_0143,train,1,0,0,1,0.41282490556362339,0.52057967277618078,0.64571315795519257,0.53941920425804035,0.24998014917506522,0.5004844301776471,0.56529410345920761,0.50456385277514415,0.92787243891653604,0.45205122152107924,0.17634634571866875,0.48590796975013262,0.75116227381775835,0.10981837522789195,0.097746132020227888,0.70779852936854915,0.58786341407122855,0.40597076555071909,0.31017028474377584,0.69386947871655602,0.73666923681682839,0.38106595246638564,0.85310655270632696,0.81315836939164032
participant,SYNTHETIC_0144,train,1,1,1,0,0.94519581285479848,0.79892296243937022,0.42327535153224061,0.20999461502113992,0.50239575886868915,0.44933075187577959,0.60380050962546561,0.070088404840042501,0.51591620914307423,0.062485287413976479,0.26243340393929271,0.53739445880791814,0.28560688048500604,0.79309787338676674,0.72287169098130977,0.41375100513763929,0.40877627542203265,0.69671629383749678,0.59480515437799797,0.42867371365363771,0.81924693396796666,0.49153949276421199,0.25576772907902345,0.52605213159397646
participant,SYNTHETIC_0145,valid,1,0,1,1,0.25715614012159832,0.54768164478311854,0.88399079326053265,0.68392970093077443,0.87191519022466957,0.22503738439863041,0.75834697151875874,0.065909134080808063,0.8339305807018248,0.11136037385490594,0.36575213418534591,0.54178751561626448,0.94635362859480365,0.58520700784239355,0.15759331043467179,0.080498396972454866,0.44092046523851464,0.70140155645730662,0.060045211326603079,0.45346893603933192,0.28147488763982498,0.33620042486773982,0.096707896571784246,0.32233071627770143
participant,SYNTHETIC_0146,valid,1,1,1,0,0.71804173187715858,0.51310640309001632,0.47788684869690423,0.41462310058136304,0.77321555880292236,0.6922436298973994,0.17590158809793283,0.49340737334625445,0.32334049946034299,0.34437440425165428,0.28821748534283037,0.16603213537170292,0.89034090887439887,0.091316975136500333,0.82455071883939957,0.83217445435181403,0.55883534806452495,0.079836617306613039,0.56063085866383366,0.83214160165922912,0.21256558031519313,0.45601711870863998,0.067315062800196668,0.70305640318960616
participant,SYNTHETIC_0147,valid,0,0,1,0,0.90083492422030187,0.59354040223374427,0.7326733231330308,0.065976658912144687,0.39028152297334073,0.23119928728510042,0.24331562643385835,0.63182513705465548,0.69687655782550273,0.62423625880479616,0.33067564129269222,0.73663276170161851,0.16083379676910037,0.44643601535147653,0.71633450710771085,0.94569825566334098,0.3862479759162043,0.63695273362995841,0.88689313686908389,0.23686839612704463,0.71762139776404965,0.27705161533655581,0.81432170203885668,0.30485966365600731
participant,SYNTHETIC_0148,valid,1,1,0,0,0.43146800308259153,0.44523719032974218,0.57604073849712034,0.36337269988426413,0.058795971754927789,0.92354024651308919,0.80421585421909225,0.33471751080104833,0.74274534456460806,0.75152905965395522,0.20634744568008923,0.13824902490912194,0.40474940870254167,0.19108262595532366,0.594809845781754,0.22342084000872359,0.63765396230652305,0.88842599017306723,0.83924647236399019,0.072184712780455809,0.63355586982586354,0.23010747812251592,0.14874899774295008,0.086735743395449039
participant,SYNTHETIC_0149,valid,1,1,1,0,0.81363494369803291,0.20349248537374803,0.66879664857604926,0.27783817848326864,0.075727307689699902,0.1843472925422035,0.70923550310474448,0.55917575392658603,0.59816619990799325,0.092310607726725336,0.83601787373460978,0.19478905104926109,0.19009950284379212,0.23254002694165909,0.65219933479237313,0.84581739374875897,0.46346567741353789,0.85604085512208261,0.25141868668218825,0.72087307033028414,0.60297598855972367,0.32628929234181442,0.6238914477169194,0.23687698700874388
participant,SYNTHETIC_0150,valid,0,1,1,1,0.47011574328167,0.85589447910416017,0.5566576553887258,0.5871826215315028,0.21488896974990457,0.31526732940238694,0.46809965211631055,0.39052904051424037,0.44985594328920742,0.71006155001934501,0.70460333997345059,0.15633284748373524,0.28531613354028273,0.90315182854315312,0.48318319353102052,0.26496696335335818,0.084352764295052979,0.2665500530662262,0.38310157274759926,0.90206494645611923,0.90568571525053543,0.23416746429330099,0.28392257190956416,0.5839041329062189
participant,SYNTHETIC_0151,valid,0,0,0,1,0.43216874144388601,0.66759389062721941,0.48585719331884586,0.13653353113218578,0.4705869832791284,0.71585018061133543,0.3206776863260965,0.081358373651896118,0.78872034776703726,0.50452866429543997,0.12732039304264267,0.38106381975518117,0.51683364100791662,0.10552179128548925,0.85140029881383072,0.49022225677918274,0.11742403813896575,0.4783923838666776,0.19606513869808767,0.42049714849443037,0.84734197643939357,0.14706951834365761,0.1406962867123468,0.75376843592188725
participant,SYNTHETIC_0152,valid,0,0,1,1,0.75827161088591732,0.90228836453432726,0.47186327332770694,0.5234925086739548,0.10690248039281461,0.34080021559707885,0.26654986733235669,0.91912979523496818,0.60634917744543604,0.6060056644634948,0.57859265050845243,0.61915973980751582,0.5122786716597364,0.087340422194072509,0.47153358690562919,0.0737844163921441,0.32208612853218799,0.58441985595127599,0.072889088746118824,0.42126028827732309,0.21742042921453419,0.379302256761685,0.82668158367014855,0.30081632078528409
participant,SYNTHETIC_0153,valid,0,1,0,0,0.93709856612482334,0.36296049904927136,0.87155240702291026,0.4427715033272685,0.28141130463292829,0.73616860304909015,0.67126203816166019,0.057189737527964336,0.71244067242621023,0.88123068332143173,0.91011107573376204,0.25617764955869682,0.40793202313915472,0.24451637829159595,0.31995064961805791,0.21178793659956446,0.10443402128817461,0.93122016835831756,0.20020497893113304,0.38278714718232287,0.18088670909840154,0.50628931931974286,0.58196331940593693,0.61337488484127212
participant,SYNTHETIC_0154,valid,1,0,0,1,0.276331337364287,0.10580032534570313,0.22982985737851253,0.85229042282080048,0.063862987759489689,0.18957368704173222,0.31501271003501291,0.18154263666735626,0.89035184411514168,0.64455586665168851,0.32195604883255063,0.34736687267267685,0.5281580531972333,0.85943625198916507,0.6639367184989402,0.1224107416759458,0.13880885479961205,0.079002309112111951,0.35354181434196269,0.055555199298504422,0.94363799073719612,0.31050101472670499,0.086044339997660743,0.47696243918310111
participant,SYNTHETIC_0155,valid,0,0,1,0,0.12015385549688658,0.56633065880770006,0.6452581338963751,0.92288681357657742,0.6512240142319623,0.71090167967859719,0.71903756177842015,0.83541925159599661,0.90140828142727836,0.40551341391291479,0.34688250087710243,0.5596204211500394,0.35454416045214054,0.078048124098810817,0.11852578789558466,0.71534699578677041,0.83413075990682173,0.31130745502673068,0.099147903799314208,0.9066474374996305,0.16095116809336885,0.13013274206721037,0.071418689650462261,0.53163353890307119
participant,SYNTHETIC_0156,valid,0,1,0,1,0.64571614896129881,0.84553080057291452,0.30507397086536975,0.48004045075296381,0.20822822334913926,0.2926446016544676,0.73053152240544172,0.79764742148776524,0.58858715889526869,0.33850573518430516,0.28919458981701079,0.78773195514405625,0.2583225773405447,0.12888991270720154,0.37765330825766247,0.83073625347589031,0.29040895847724396,0.32385994052650247,0.40339018121529568,0.81189641490429654,0.056066368362729893,0.23157570124978644,0.11841239821582096,0.71314891222329468
participant,SYNTHETIC_0157,valid,0,0,1,0,0.47804022344120323,0.91246126002976147,0.26421318604239774,0.61109042299714322,0.16228982809077175,0.08080368538929697,0.71547047879311698,0.9070267471556559,0.2713502664759993,0.91191871853999662,0.13584019653738977,0.65862615764620336,0.47768895792158483,0.570135923997658,0.85688164887755647,0.25825713231644631,0.49180067274113076,0.54930666188754229,0.60720226513852538,0.81839483026249127,0.80844070446564131,0.55420901267503619,0.65013563849606348,0.40241659553806192
participant,SYNTHETIC_0158,valid,1,0,1,0,0.23491961970021696,0.49804040283513723,0.50018665424929498,0.75636298269760827,0.40128555412547695,0.76652690968106829,0.13925741682440479,0.60859384112154891,0.93060348927651071,0.45162837674248818,0.47802452703213621,0.27182467550763539,0.17460086858589094,0.33620773348534794,0.71272370333850021,0.29040269878672254,0.33013748739903048,0.099529470675263493,0.5920723544163552,0.28583773372164595,0.21001583014602415,0.1223257569899678,0.28260091196401821,0.16090170523470892
participant,SYNTHETIC_0159,valid,0,0,0,0,0.59428661663220572,0.21377063482743996,0.65760860995494097,0.13681025105417322,0.76837795893611649,0.60678548868430149,0.30623941256781168,0.59141751410302934,0.84438593389597083,0.12334010106730277,0.64750533251031361,0.63443436434101397,0.42902568282421938,0.12615088600597796,0.68754365757437841,0.060631462974711475,0.9072372013126252,0.25249942006665599,0.27630722097734417,0.39818159660770724,0.5006293236479803,0.35647223190398325,0.075556686495697439,0.91564486125901445
participant,SYNTHETIC_0160,valid,0,0,1,0,0.054897944518244826,0.63626386571621341,0.76536905026631508,0.8316901146472806,0.31699937709581061,0.45071290108935524,0.92324854239274223,0.89869167684161511,0.41317170037395279,0.88111784186922826,0.097545543005533961,0.74328809912456528,0.72360855608016206,0.55534760094217628,0.097472182716555222,0.80982095807441945,0.5255480076290725,0.82012218839755424,0.51701841944125626,0.60526497769122201,0.53182526330701296,0.82555593698473184,0.36729781714714677,0.23051583048197072
participant,SYNTHETIC_0161,valid,1,0,0,0,0.22331060796235686,0.33688435958678703,0.87888562984105656,0.29518885617790069,0.72404114510606155,0.82150759764042369,0.93917988921891593,0.44291160593140433,0.81108154670382515,0.19251232136263108,0.30697108187613203,0.37166536489468011,0.405090318612429,0.057215325211337167,0.57766191597538818,0.36892368313967827,0.38249952882914556,0.38063631625305472,0.9190028972021097,0.056308036996585258,0.21978925604670785,0.32692633242865332,0.35630682704804639,0.33197277619941423
participant,SYNTHETIC_0162,valid,0,1,1,0,0.44275489975440219,0.5427052755534737,0.73316270589729016,0.70365176575699884,0.52696508295234823,0.23019328744684092,0.58770001888802181,0.1681071970382112,0.70642747069170997,0.085920366119998426,0.46153841719021033,0.68211508403862109,0.2572420632642044,0.77293359009380491,0.36144770581392777,0.78379101971162657,0.58785685838441404,0.6744402952688715,0.21678813086840565,0.81849737295053149,0.50268244543762985,0.71155991258455531,0.25070370180995483,0.40289613156743154
participant,SYNTHETIC_0163,valid,1,0,0,0,0.74150325646056359,0.61644168155616719,0.16949703763914037,0.11416997837360485,0.41176373026551277,0.39488816575921876,0.17653307802305362,0.54784850664724605,0.16340328833243295,0.31927304290734432,0.36035359679410972,0.47995016117614392,0.28017039178340319,0.61307590253323474,0.721431060664809,0.92213224048778608,0.51654225214283078,0.73522712537457224,0.062239515124059057,0.43909720491329368,0.059384048987503379,0.7015915078875945,0.056538462474103185,0.22724189466617079
participant,SYNTHETIC_0164,valid,0,1,1,1,0.80179713813083719,0.7522860946914276,0.24171374407013313,0.65479534612801371,0.35908842131932239,0.48016763475983171,0.42242581771554299,0.5910579681152941,0.54232983836247572,0.53402136710694181,0.57633051674761826,0.67641111390634034,0.34613573274619719,0.27828236724627159,0.20774918508754875,0.8856219663411351,0.43105206657116368,0.096332109535029825,0.34770178012255148,0.31308364176963538,0.078602450758390646,0.75776085338311805,0.30933821551908919,0.50872691852741236
participant,SYNTHETIC_0165,valid,0,1,0,1,0.55457198783095485,0.063916593711463729,0.49738947330171823,0.3307051851670077,0.39148657802405612,0.94364014197954904,0.92090090768560451,0.54103783085402268,0.58751403229104582,0.94965217773858979,0.66672663346945726,0.062127669358140326,0.73363905111560257,0.49496139034460035,0.84909734468996079,0.44994882544562331,0.59382848649927389,0.16105829192579779,0.23080730185961074,0.41312187404583073,0.15146361294097199,0.34877423644577571,0.7297964766297137,0.82506590998414542
participant,SYNTHETIC_0166,valid,0,1,1,0,0.060744143617521819,0.11202240504486469,0.86414632152013904,0.82722376113884899,0.68410099855077444,0.59893784953546925,0.2807276524005648,0.65173110537560364,0.33041332836962167,0.18249712972466209,0.091040462427448399,0.83523032991875601,0.18169828891871992,0.69970714877481821,0.49100057930848839,0.38652495705614659,0.69417660956381677,0.73373301086195442,0.4517407405693078,0.39280438138967488,0.27055497639479137,0.76975670843750477,0.31499146269321171,0.70126737657313576
participant,SYNTHETIC_0167,valid,0,1,1,0,0.37229412385614308,0.19529842416121246,0.17070951396129286,0.82588396812160991,0.63611140968133206,0.43164474433886535,0.13711366210590786,0.55000282755282082,0.89854928725003491,0.90792644825566138,0.34620225684704842,0.26789195920046582,0.11716700134349159,0.37191730105280157,0.31836174396165157,0.48081817951488354,0.72553499989734105,0.4730505584033638,0.32235103518548813,0.12678480360565703,0.16767242950075828,0.74913907336448737,0.28788968781706331,0.17131253083963133
participant,SYNTHETIC_0168,valid,0,1,0,0,0.34533560586959511,0.72616894540137755,0.70663700606510804,0.56607795401377647,0.70134562532171352,0.88620314031847691,0.065683968543668286,0.42966895753883394,0.90047884288199864,0.7113343034807299,0.12518749186196401,0.48285012805423511,0.55719387704791357,0.83816640801972464,0.71407537505335106,0.84670462702909199,0.40590590936272886,0.13660612479080153,0.33897657852316859,0.31166284090241186,0.94070725553185142,0.086544035396132021,0.79006474460612353,0.65367150588992717
participant,SYNTHETIC_0169,valid,0,0,0,0,0.68289523998346968,0.79156639944674601,0.06747237898183317,0.17036358123539586,0.62936679613280977,0.31569372995149969,0.89494156759952881,0.326645403658884,0.45359528601951948,0.41103678213496947,0.27006227477871669,0.093305649125427242,0.44086254304643546,0.1978854561205422,0.90489745285805157,0.45845037796093607,0.5160064635163556,0.17187887124609735,0.58949543637538659,0.26969435069718889,0.35766327632183104,0.65292176554048198,0.76712131804660877,0.35730557312734529
participant,SYNTHETIC_0170,valid,0,0,0,0,0.68851349604778656,0.6540818043834552,0.84617063999811937,0.62230784752773138,0.23444966782966181,0.7635317679633169,0.53314391310019194,0.93148179864274783,0.20416326908632765,0.080469163199320626,0.12351255268283987,0.37557830405417764,0.3912709231749244,0.59908572292540097,0.5638185247552574,0.124526949792723,0.79276375762194728,0.49959904215603207,0.36197435046772691,0.22778027023351793,0.79506978615415247,0.81817435542337846,0.84772264067022618,0.93038267785141648
participant,SYNTHETIC_0171,valid,0,1,1,1,0.86956714706105109,0.33525394128907426,0.56672021247819793,0.76377676263080829,0.6073874895525273,0.57678610824145449,0.73450423506383078,0.28627859361719993,0.52775105081014706,0.9022358835924702,0.29294586176623283,0.1867241340946183,0.091992913645642466,0.44869391494988509,0.94831795347682057,0.84711176599205451,0.46465931230251756,0.8808575863704422,0.67347643823429526,0.7253089409055532,0.070448926140116566,0.8151387116577169,0.31726175252649108,0.45242152280847903
participant,SYNTHETIC_0172,valid,1,1,0,1,0.71149202885489771,0.65771435393661892,0.44265366517489052,0.29195210524010984,0.68876633640957285,0.25199783930951625,0.33206841255662978,0.57721147938182515,0.71939155812306144,0.91924198257083545,0.18524434571914311,0.21447437936664354,0.79303707161263093,0.17129918689841334,0.054194911703813145,0.55926231474038202,0.073645815286647126,0.35903499010461953,0.26996894144416322,0.80736829850494785,0.62444294482928564,0.12136005484867396,0.52336171633567696,0.40739910326935896
participant,SYNTHETIC_0173,valid,1,1,0,1,0.58131617198016572,0.41922793772970146,0.46583727401664693,0.36760344046366522,0.37795735268042946,0.4281745373682978,0.69066284838023906,0.46992736050510475,0.51856073599136443,0.25352650211472899,0.69234822536060769,0.29547501029667783,0.63732284493199831,0.078354207564325332,0.60433366123964016,0.11034351669500672,0.23408636574919739,0.52739877886809639,0.60646867712512775,0.82377953432542317,0.31728151266821214,0.24129376307846279,0.1702017175538707,0.42468632299095654
participant,SYNTHETIC_0174,valid,0,0,1,1,0.52171514804217234,0.91227453018967086,0.40016211098870053,0.52851994386636947,0.56688739780366582,0.44358623817031895,0.80474280437915791,0.15271387567958397,0.57417633003416002,0.86785994403892508,0.81638140527759484,0.21772598154888612,0.083216584167752544,0.43013654887822045,0.89084903427346329,0.31646999808086262,0.91485474940552025,0.68217054587518378,0.41008111705801809,0.63247608915392384,0.2142955689148564,0.7522754015205021,0.12798243814433657,0.46761198385301472
participant,SYNTHETIC_0175,valid,1,1,1,1,0.34553217001349679,0.22842558193726481,0.13198134548488921,0.74592146567415141,0.42927501632942577,0.66442936212193215,0.93186337253327822,0.37696594290900998,0.22534881735809748,0.23196841363747561,0.51511999094728245,0.16759072298133176,0.41624982609058486,0.70099213607282107,0.65045219690548506,0.86587993989270617,0.63147537355123096,0.82680736864764004,0.26007269524424975,0.64565297725714466,0.79178915770432301,0.37114842024636885,0.29999998616409446,0.61258119855353788
participant,SYNTHETIC_0176,valid,1,1,0,1,0.58893407695118105,0.68153221617173265,0.3251191424657372,0.46838988462437775,0.65541969118677423,0.65634472710291147,0.21399882498104289,0.24311831953610763,0.89274512881661194,0.73376647139205087,0.64552956875703216,0.82508949436661794,0.18025405569674602,0.76419372413913722,0.63018609435030726,0.83347638950887259,0.37081402993141699,0.50125252963032563,0.31527209891695152,0.91920789958498628,0.57883550009887152,0.061774749832943433,0.46190348257855457,0.68222768061883177
participant,SYNTHETIC_0177,valid,1,1,1,1,0.61540704814777969,0.1639937780091337,0.06418843283589884,0.85153558877456126,0.050671609382644547,0.41734227441069127,0.65445580820983651,0.19119722981101167,0.88989597037145962,0.48083227371785797,0.7402715980965644,0.60726482262985981,0.59942729187009414,0.21843948807280811,0.92338978041665343,0.76526731629423317,0.27348219751506175,0.097606566184937266,0.5562074952299082,0.65632583526663124,0.78763484941930106,0.084803745432678462,0.17655471627621355,0.57177006465558666
participant,SYNTHETIC_0178,valid,1,1,0,0,0.6425239027050722,0.4653661590104114,0.91446940240886798,0.51903594415078713,0.26907992203344167,0.38117276156407837,0.20033912090356654,0.17858622884434772,0.8702512663905253,0.52337107830561946,0.79074216473974979,0.17868348883959667,0.82465311315727652,0.15463721043725548,0.70316687389540955,0.67573799470232809,0.5517429779643015,0.14740241196033294,0.46764245270776167,0.89555313334394426,0.35221193652507427,0.7370745916960395,0.79733491112308286,0.16708985292694117
participant,SYNTHETIC_0179,valid,1,0,0,1,0.35416712089050889,0.54920893653927338,0.89408627029345977,0.085350354339598228,0.23303361235770587,0.69039003024355849,0.64575812559845303,0.62448118875326741,0.3867123839768401,0.56608201469899389,0.63521860477340153,0.72672233839139555,0.44416162708592144,0.73919565669974596,0.31786022888270649,0.22454744257482456,0.47288544916663583,0.60175375226520544,0.73965659652229432,0.90679510960338128,0.51500536454096002,0.46005752561280094,0.89506463890430576,0.18333161683432686
participant,SYNTHETIC_0180,valid,0,0,1,0,0.84504595040800723,0.55640255214883316,0.81580708317963824,0.29475771823640484,0.42102871247345691,0.9485007279195794,0.80811697892950118,0.88942790924363224,0.37612798550375637,0.56948737089663404,0.42182483320787328,0.051488615945468191,0.9393607307306201,0.87132381347344745,0.32473756857009706,0.57199959763031205,0.56624431761296112,0.29992416342966272,0.94519974790112726,0.29154270989214298,0.13379243650455036,0.42465201351831189,0.30963382284985458,0.69047704046359726
participant,SYNTHETIC_0181,valid,1,1,0,1,0.23345188025218899,0.82147437080395569,0.81750165018804222,0.30041065062077005,0.31472184918174112,0.4374790549487424,0.60510158744055009,0.16404070529054796,0.15369190653916487,0.16275148861377028,0.57565497157313206,0.80966096275496879,0.82699262234183102,0.49399306039166685,0.27821202968827385,0.16340356943254264,0.059194245850118447,0.43963778840802986,0.62099130911163902,0.16274501646093692,0.75878304186839429,0.54915513514070724,0.64652568485181006,0.80937386952391555
participant,SYNTHETIC_0182,valid,1,1,1,0,0.45480590275159388,0.21666731194313615,0.2439617989370339,0.051063989619680172,0.20333329674138367,0.14408845038685447,0.57245643104792732,0.13504448408925657,0.28450912011556551,0.7346789075613811,0.68726326373253654,0.42623115169266773,0.42747129870189465,0.56996671179330072,0.32724307039833517,0.35357381488778344,0.45061342352950579,0.45287274359038993,0.60605907108871204,0.26479019929324166,0.66545715865253308,0.61151292055647444,0.19544791766851349,0.89175708169950441
participant,SYNTHETIC_0183,valid,0,0,0,1,0.30110765950962753,0.43277941640198631,0.58535746242891551,0.84871955551125589,0.54598122263111004,0.67277508810323172,0.82201943720274473,0.82211825039661168,0.50209440267756933,0.22557985105582118,0.26821009596468237,0.39054365765757881,0.21766631114926516,0.8709223410419733,0.32443954277658787,0.44316002379844838,0.33796259734606926,0.15206391081352297,0.41419388682989661,0.55593900392541684,0.41044067646730675,0.52723082605644656,0.48667634418538336,0.81202365253500663
participant,SYNTHETIC_0184,valid,1,1,0,1,0.55973366634009247,0.64890095768014977,0.088255203312604863,0.1322419440634629,0.33869386323527934,0.63500452478831226,0.4574039125149108,0.15445824663703117,0.095962695689910824,0.84710962659163558,0.86851796794621983,0.93147720982996707,0.8661702006944717,0.85784697073923122,0.45618289984804106,0.31896174192401444,0.67123990268794986,0.21039137437835609,0.36503630334141035,0.64908556057333944,0.06026795442373676,0.30241896943096924,0.19229034000518269,0.42695808113988259
participant,SYNTHETIC_0185,valid,0,0,0,1,0.39652250980051512,0.26413645800859331,0.41885294366766912,0.092261358283081574,0.64583585466598403,0.92054031034593431,0.27642109507938117,0.71542419435524685,0.58340626864075273,0.35952327739847562,0.80064136406242237,0.63500985975098678,0.71788787858798775,0.86965579313048147,0.68678219092241188,0.17841956108504536,0.34270369816617802,0.54375707850219046,0.19419898165081995,0.40739336419867778,0.36630363002000782,0.33163850804701644,0.48539577553127589,0.64499240633296451
participant,SYNTHETIC_0186,valid,0,1,0,1,0.88312779382486095,0.83042455406068361,0.92688833958798877,0.57350578071882097,0.93027370055396152,0.67116366067944411,0.65886357359814329,0.44456339069317841,0.12565826349339554,0.90721347609137826,0.34412750226684929,0.59970905972064192,0.47585632228387925,0.89654275409986417,0.25108793695971521,0.94747443351338889,0.1408436529518319,0.41702245295674212,0.6542787782169931,0.42229308772475732,0.63409590831352269,0.33832992126323524,0.90135164566939807,0.47383576451240739
participant,SYNTHETIC_0187,valid,0,0,1,1,0.12209263760461436,0.41637234497457054,0.25813677330677692,0.39552778195649052,0.8492654086674235,0.47640604188065327,0.82791201658248903,0.90490704530361998,0.8418925779377564,0.70059354389020179,0.10649531403611232,0.82415203426063377,0.10615460535479676,0.83446596892780711,0.15877891429428267,0.57957961462784213,0.8889413360427515,0.8296237401312897,0.76504588625066605,0.11121462841922819,0.649133421963905,0.27084607147661699,0.81815377884297591,0.73679695214824792
participant,SYNTHETIC_0188,valid,0,0,0,0,0.75607657681138307,0.72756927492440815,0.27315757983653238,0.49187700277852897,0.3928009258933397,0.899658890633248,0.44476973842232381,0.131133077020642,0.4678973098262858,0.78691535794710032,0.42385137487723273,0.091923839428024456,0.75656852157228616,0.64073256691655378,0.35612142358954058,0.30559400325290648,0.87584819231572708,0.86527176526809513,0.4810866713601531,0.77389040271731946,0.31083904165311083,0.087583118511599639,0.75289586928119845,0.39714044458746472
participant,SYNTHETIC_0189,valid,0,0,1,1,0.2907090024454892,0.21926887677511342,0.52882894286954674,0.23328759967214924,0.82807805310577609,0.85812706578527331,0.80537235055855072,0.76273102713700913,0.51105729872224259,0.93284937889438468,0.87048413457978102,0.075903162689843123,0.57213246736599532,0.56784429407535308,0.67996819168683542,0.10484379071004951,0.94336835701809429,0.28903744445998453,0.34088946832226563,0.748344390830881,0.24412528138929174,0.22925992354624586,0.60614915367757527,0.17369186366616696
participant,SYNTHETIC_0190,valid,0,0,0,0,0.83060685826155567,0.17438224266767405,0.8130039242190582,0.9107451031779713,0.29184297132233039,0.91473786597557072,0.10728375506834581,0.63326684369896991,0.89035887754545706,0.61830811199078406,0.77282842701160503,0.45743521133562798,0.45047971036782425,0.75848698571409767,0.48478178076981626,0.14991090544666019,0.64263814312183276,0.27569330034310269,0.41041056202661363,0.21140173537794477,0.3435512451364085,0.62222559177294778,0.49809556495768209,0.81947783313351641
participant,SYNTHETIC_0191,valid,1,1,1,1,0.22871684757967808,0.2293444414480198,0.3617673616190098,0.42667937427771796,0.78154312436826012,0.92612043473395145,0.861440766814487,0.78943033219073988,0.71530260141783764,0.062616356873648846,0.82187324765791869,0.59809910287138723,0.40653642908315157,0.12842262920803874,0.49260129285493964,0.80134839789525414,0.72226959711246752,0.91707021033720781,0.13807294427207345,0.15646311000413532,0.36804616236698828,0.77149471558937521,0.32139485279575325,0.59492004389101139
participant,SYNTHETIC_0192,valid,0,1,1,1,0.65215704664067442,0.67863260907537404,0.71924440238050913,0.59873282551525531,0.52812744966570868,0.37280542696682473,0.32605281901659172,0.40104493955432569,0.79287489713183412,0.32502637096649328,0.31012341108058783,0.93402528140924568,0.12797233686463549,0.1682603103582051,0.31282951133304387,0.52409070986618023,0.75391996432699104,0.45286614884231358,0.61161654903105056,0.63360926474665613,0.18871312974873983,0.67744841145354029,0.34274627321297935,0.41852446608497756
participant,SYNTHETIC_0193,test,1,1,1,0,0.81836651647519454,0.90747106009183987,0.5798101232269518,0.57314712023476799,0.54357168517572196,0.69088832370199271,0.50257462287817711,0.31037145804454569,0.37903757854463416,0.61714836400576034,0.69216694260526779,0.23198909976077792,0.17880977443055401,0.76193474570532704,0.35372011709061191,0.55814044764641457,0.40685201261510079,0.2050837424269305,0.67869152979841973,0.59327006379410085,0.80164061984218205,0.28124129404174197,0.81188420307018683,0.49244532273631836
participant,SYNTHETIC_0194,test,0,0,0,0,0.54428379461010579,0.61175485390458328,0.063224120327070407,0.64816761540709766,0.2113748432179608,0.44030804959953584,0.65638996309152331,0.83254609938712687,0.21337707130791411,0.45332570984560033,0.7343080113982694,0.70386611011593614,0.71705065424592274,0.91031304614639053,0.33240984470220686,0.079453014595563767,0.41131143345542853,0.2350059900476979,0.079450266069085645,0.092821427109990418,0.42838271901108965,0.3655020125220465,0.45527096991303317,0.59197527598437882
participant,SYNTHETIC_0195,test,1,1,0,1,0.81951215743126593,0.76244178400952289,0.098688432709204493,0.72434508328961678,0.72353552587380687,0.43302935692644146,0.30969118703012138,0.40577061592972485,0.078243148790479014,0.17108678342479883,0.62732436480815368,0.54834302599117801,0.49763307733900275,0.73614631890775861,0.85914599051611307,0.5937281782373024,0.77603882739363605,0.4731885061210917,0.80812469057926273,0.93657755586190172,0.29244720809650498,0.30096085080052581,0.90437809209466158,0.56895469441850866
participant,SYNTHETIC_0196,test,0,1,1,0,0.9158988513823868,0.10674269287455085,0.29873746617015756,0.60191136414120205,0.92688715011961098,0.32463989786098757,0.37461687916763825,0.8847930434432808,0.33936815942856785,0.17575099999555494,0.68958636569602261,0.23456541767647676,0.37399254354203498,0.40640643475416188,0.076747113005016812,0.3300365265048506,0.44205928405265787,0.82559716754328982,0.1699120704007977,0.87031729173931927,0.29596272667868956,0.85376781890155473,0.22229470524291861,0.70819391285468958
participant,SYNTHETIC_0197,test,1,0,0,1,0.56815352408845288,0.73521416836251896,0.58903893277956776,0.20445609672803744,0.89118737533623826,0.3138636438419532,0.10033493012557247,0.27066175548982613,0.93197409095088202,0.81661154735903319,0.7792237319716373,0.36215971170688044,0.91591623931885646,0.65817927921245878,0.63253102679890183,0.93894600368134651,0.55699446911691297,0.56580556648552549,0.88822499575719427,0.24372659484416198,0.57738963939011789,0.49846296985615207,0.53737199232689925,0.30049491660819794
participant,SYNTHETIC_0198,test,0,1,0,1,0.24687575145953489,0.53235589810532891,0.15193784027960122,0.37768213946434476,0.10215772122708772,0.91084884774116093,0.28583564679931001,0.20502137822333633,0.18653551107494515,0.62226524882804812,0.83028097114232768,0.43703620712379287,0.462607346566491,0.59842062663515971,0.94865887055034792,0.54167048738327872,0.77551500286009489,0.7311666465693859,0.62668672828622041,0.85067079949130353,0.86932410542619476,0.27834195682839152,0.87924508352084174,0.14949511430895734
participant,SYNTHETIC_0199,test,1,0,1,0,0.4034105770161947,0.21076369798639361,0.26558216545669905,0.86703887302903193,0.68275133955764156,0.23439333336610235,0.46730041497209523,0.30196585975944401,0.85755863743599114,0.45983586129729132,0.58870254099872232,0.94496558042402889,0.94274068740006434,0.23841819564429012,0.69663190239132422,0.15400908515984302,0.81430937379423995,0.66396042296488744,0.26226528648621222,0.27726801644164889,0.87749248841054561,0.71219596887547376,0.86479541394672466,0.29205932995871509
participant,SYNTHETIC_0200,test,1,0,0,1,0.43691746101542817,0.34905154101615454,0.78079308004060277,0.23746223630589952,0.47833747100342955,0.94362206996400089,0.36309624115319689,0.40036060829921827,0.76056074666076634,0.11718363071363459,0.28124596645355071,0.65361735704175628,0.27928366436061036,0.52851479887763875,0.55618705386023948,0.46328985926069843,0.57390769498322092,0.36213106709154774,0.88876087542212079,0.252310472456797,0.91108279014247118,0.69649308827112832,0.29680984755135897,0.78701047676182112
participant,SYNTHETIC_0201,test,0,0,0,0,0.83391825844178946,0.59732458370374109,0.45729246307905552,0.48468280140939035,0.14988530483140022,0.6249249774725838,0.24041810358095356,0.32447449833255826,0.23220349522444733,0.60009257817238759,0.70304830303983201,0.62382573380793338,0.089948036101358916,0.62420685192562209,0.42288125145014216,0.80098700049465354,0.37870399553709216,0.088936132076368524,0.25610643333394323,0.74219888857799454,0.52737795670664267,0.69641564800827671,0.36300038260873174,0.45599606194657299
participant,SYNTHETIC_0202,test,0,0,0,0,0.42070310641835229,0.370655772762158,0.42943606525978667,0.81501503207864245,0.87715496792595049,0.20356439611499522,0.31722301554839549,0.8164621446239505,0.5669224037882632,0.065786971476815989,0.25663928377175677,0.76904217913557316,0.44288731493650507,0.63561138067504397,0.28060254495031728,0.80456748656494315,0.75080305643059519,0.45226372285533195,0.26805127672711654,0.84648411347659824,0.94314863937462434,0.89112236717492666,0.55711159306206415,0.69085744391456783
participant,SYNTHETIC_0203,test,0,1,1,0,0.57632221039776843,0.79036211332789019,0.92877448912591698,0.54781359591583623,0.76547369569445012,0.40741359937044391,0.61191387345134274,0.59962566258527028,0.57711286434852926,0.66574742719527169,0.43786338952296971,0.70930577600091615,0.72277134965554624,0.92478066634668987,0.29905500322702655,0.76337471558160508,0.46691356659440642,0.59665790008886588,0.20544912975511942,0.40981722300060075,0.45636361467392361,0.93045653537453887,0.82276178009107548,0.2575454569355749
participant,SYNTHETIC_0204,test,0,1,0,0,0.58278113922373054,0.12568568183217754,0.32807122356210006,0.42307109375495355,0.50259391419993937,0.40407624191563424,0.4894395553993699,0.79560668020011094,0.69381879095293453,0.71894055338477625,0.52874750379781865,0.1060123473120031,0.31816168363427766,0.32027323645894085,0.24976896131634907,0.80078635934547404,0.75566801425732244,0.30374670168518597,0.5998692879258043,0.15839124903742274,0.42047208245044748,0.52396904777673114,0.60785464892992724,0.76145196647401459
participant,SYNTHETIC_0205,test,1,0,0,1,0.24171306638136952,0.28164121206471443,0.87595364681949373,0.18414648894255148,0.83079798780620784,0.38745251523496144,0.94509428824409081,0.59921754475997357,0.59543119109248577,0.69460502142199632,0.80212146412505725,0.54969513031963657,0.23213440372053556,0.40518745879567436,0.88713381221557364,0.85231089739279287,0.35611316106658103,0.29530426218497385,0.11854407776996607,0.32417203291442054,0.64294600136356395,0.67801001968331687,0.81055477560807976,0.439502443998741
participant,SYNTHETIC_0206,test,1,1,1,1,0.20470258347678455,0.63940469544879064,0.64000001711211618,0.70658622695584972,0.64212441123509212,0.55976127819822197,0.32328878805549444,0.47221127380473671,0.35484203352205068,0.85671843737513143,0.15084297208322517,0.50754430078348345,0.74745130693205886,0.64565999565508636,0.18560580149757899,0.15324924589522793,0.57924419071985267,0.8970131325292906,0.67265146588161928,0.31432584056729385,0.84145592275601599,0.25057782988580624,0.66428327437951851,0.7458598368749364
participant,SYNTHETIC_0207,test,0,1,1,0,0.76688200144551733,0.86256783141960058,0.45307873366078244,0.19592416368729437,0.76513340675791763,0.89304067212838234,0.77270630406316299,0.2049060575913868,0.21207661070316436,0.83370711255990637,0.43252454635519322,0.48074384650753377,0.22242520661555826,0.54657559313200232,0.25737821498935914,0.81676392723323565,0.85075937204224661,0.82125780056957076,0.27847211237977942,0.18659391779790163,0.94458235148804581,0.18779694919049572,0.053084515891921903,0.140349047792036
participant,SYNTHETIC_0208,test,0,0,0,1,0.21006870298182589,0.25432830303831261,0.16554791125588891,0.218944974280537,0.69565711160485044,0.29548014866016442,0.7811016347591756,0.6677011911046824,0.68485101670652948,0.45879802848719531,0.79246478074277338,0.56299241937819033,0.73091301945495124,0.46228900740222012,0.12280213229874808,0.42968840216268062,0.48355683518306253,0.54369578273688457,0.39266565464960834,0.47407599301842124,0.68018325994897422,0.94673968520699203,0.26153721386975692,0.38379683140658793
participant,SYNTHETIC_0209,test,0,1,0,0,0.26793272544877711,0.87187078336058887,0.54683076941082065,0.11330136669293604,0.050018592051749147,0.68221844972317269,0.47507325800354466,0.30321937340224731,0.397716600580244,0.16425147023354777,0.77121061047862938,0.26987112609936331,0.6649522746440073,0.68145342140259191,0.28851696379716696,0.56757624871632395,0.55596268110590086,0.17647560803189005,0.81472546832901527,0.94091575822627094,0.34610827297084512,0.30005686267811371,0.89846814867240199,0.62082997976384569
participant,SYNTHETIC_0210,test,1,0,0,1,0.47886390630561204,0.32331810198155458,0.15788481551618722,0.69531977483513441,0.85428648670324914,0.32809746526398093,0.49590712768281053,0.19754930523426667,0.36886885634299571,0.083559092709080435,0.55990775762417522,0.87031054741783109,0.080140020247022867,0.076374184754439772,0.26515891543715026,0.3773682489475198,0.49841077405140027,0.36141390283221403,0.92860252245825081,0.31238540353523792,0.070466338167549644,0.61488444104980811,0.75236622191399938,0.51081192552647825
participant,SYNTHETIC_0211,test,0,0,1,1,0.24980802523617385,0.89963040011647211,0.64480368423970735,0.91247457982081459,0.47797342859715997,0.71389352814081874,0.39114280026246184,0.27988855419667569,0.34535567275704721,0.42624153382693841,0.67671342614721264,0.17639061667278289,0.27131513996896156,0.28041752977342183,0.17444829369222098,0.46620334233605965,0.13963094667226933,0.79391749858504301,0.38260755115610023,0.20486955232708803,0.24143780544832466,0.44890326624422927,0.39482099970820256,0.33443820273070529
participant,SYNTHETIC_0212,test,0,1,0,1,0.088220389986206904,0.17663195069045828,0.18029532588737057,0.4583049904912424,0.91579533937667401,0.27913284899214164,0.24931642570841128,0.55172173593780294,0.1298541045073881,0.57359857413584425,0.58588624968520697,0.55156877985303288,0.44213988709305602,0.62012220064107093,0.15711235424781275,0.061289246085812543,0.42361747820339635,0.32932412431248043,0.33742667313455676,0.82823017831449641,0.70180307208315273,0.30388898699160283,0.6897924832207365,0.79850919193791248
participant,SYNTHETIC_0213,test,1,1,0,0,0.76138830418728376,0.78158442154344132,0.744294428617856,0.14151627628367625,0.75457205353922752,0.081655851566030738,0.63188569460732169,0.17983092569792541,0.29577659902881576,0.61215314493674311,0.16539160535356193,0.07526233823103301,0.79757652306766269,0.41708068957006134,0.73233013900205834,0.70446620287481854,0.69130990154185035,0.64409382715199281,0.22405106650083406,0.72360415256009925,0.15973718859370045,0.36859446336233292,0.63647529195724051,0.20524334495675717
participant,SYNTHETIC_0214,test,0,0,0,0,0.27797976919961759,0.82135547408431642,0.54251944575141142,0.83894688113916416,0.82024879446443277,0.84784794012847253,0.08852351715580456,0.24901586933596215,0.29774494063477969,0.15088309586374998,0.60037078229645846,0.86614077189851446,0.93233853105963971,0.41154058404992577,0.8325642596065761,0.9363309278817511,0.26649381529414229,0.56235467313282694,0.70022621176932165,0.83809634500044372,0.77899839985087527,0.6229509016252841,0.6088133274823273,0.12658170110223077
participant,SYNTHETIC_0215,test,1,0,1,0,0.45027304537703072,0.72655053015487525,0.44215081127860334,0.82649780300759468,0.37170797921953519,0.27445452786662888,0.37360291465694639,0.81891114119051223,0.13046763432094974,0.68954445740772985,0.74641597003039473,0.48602771484081897,0.508949449772931,0.77094393694240171,0.82082754265988356,0.21590607505838166,0.91329206645689132,0.412894870104002,0.83890383050926931,0.30480167779255424,0.92942711904201791,0.75843575975165345,0.21237537204430834,0.22219825662635945
participant,SYNTHETIC_0216,test,1,0,0,0,0.53571407793090131,0.56398185755753094,0.93958569436637751,0.27487836271355059,0.18601977167851208,0.22119084223013113,0.41525590064511803,0.60075999675436131,0.30327045126339497,0.10754442247068333,0.56833956979225664,0.91571181909483379,0.44220797595885697,0.52221972985986709,0.19923029662542724,0.43584438728029223,0.67010742037665472,0.90406291485188173,0.53367709801538188,0.76498787784239342,0.69656569987516992,0.099839968740623383,0.92830482608776799,0.25971611524272031
participant,SYNTHETIC_0217,test,1,1,0,1,0.41416486227701338,0.424244618948384,0.62251950132628264,0.39115489011599403,0.53211524264585042,0.50005654822595635,0.19906227120778663,0.73096985907782641,0.44008125603292958,0.8588734007873553,0.31214881570977493,0.44509328819315441,0.49823952168805374,0.80607897736679623,0.70980742261810359,0.076990817837776962,0.94621643322406268,0.55861399656030852,0.10410629028544052,0.096192342820932503,0.27219874121784698,0.52708058248237155,0.93105466112147794,0.45638272293450155
participant,SYNTHETIC_0218,test,0,1,1,1,0.69320708520362506,0.78407619170308707,0.89705728302381083,0.74684903451170404,0.11131201477369046,0.90084589430709738,0.72317254504086514,0.59010104057057466,0.33585220154149065,0.61354588632680307,0.34995263801877941,0.86885374802647763,0.34617187725161785,0.90503823544963491,0.73901078546163546,0.45440752873240947,0.52669918688048323,0.63981765359836085,0.36966006324041029,0.46951650157708935,0.59986096975684666,0.769702242796791,0.32228102240694217,0.39728869676203499
participant,SYNTHETIC_0219,test,1,0,0,0,0.83675254049184111,0.091473194259519081,0.82721363556604521,0.72356854096248646,0.62001898059688609,0.59440353231577792,0.28743488715030951,0.86724662913477846,0.45061770485269487,0.051224333397681489,0.49623530046782527,0.43239904115160188,0.060590785074263333,0.42486175786717695,0.33262954218801949,0.21285608769031944,0.66171869811279682,0.37975753952447799,0.17450284153942891,0.6063929367771943,0.84959735560776362,0.27654598658707213,0.94416045036541674,0.80077539477705151
participant,SYNTHETIC_0220,test,0,0,0,1,0.50115207985904242,0.14020646309235768,0.13812609991953245,0.44434858164939811,0.3487237216577096,0.71536677753107336,0.31836651797526788,0.090711429930803666,0.43421853715060976,0.62436968486357391,0.62030275112996569,0.64632298751224371,0.1137176602216504,0.58593661155872589,0.76322342909743746,0.25022628125055657,0.6091134564104943,0.21456987040441799,0.20400757197069613,0.39710464857645145,0.17757431479498081,0.6483821010504196,0.86847215270111056,0.17282293533715959
participant,SYNTHETIC_0221,test,1,1,0,1,0.6595979231958895,0.30651007581831047,0.52644745724410358,0.14286276006743603,0.86722335826325425,0.59685072516279747,0.29542634517406974,0.62423117618488955,0.64682203525833781,0.60376669770496239,0.75302770439069255,0.3578615253116782,0.1380899978402203,0.46651514501542385,0.90824469459272239,0.54708633380815286,0.45637959004053469,0.70282235249665548,0.78874010920338344,0.70344441444891315,0.72023843271620325,0.87659675840033291,0.42554794312720062,0.45862315183172364
participant,SYNTHETIC_0222,test,1,1,1,0,0.3209831197372302,0.90408636690072208,0.26054537562332747,0.19284907723390426,0.86210401688069793,0.14780603545157103,0.52963592427270945,0.41763616385950253,0.31824607979738939,0.82570685572869684,0.71746453172698754,0.6536232921102938,0.26043116928974458,0.64322962902694525,0.50561497914830678,0.62979814966425363,0.44132855099136853,0.30269953268085242,0.11809406329795682,0.4071503801649291,0.78839302842254833,0.5804365310751104,0.50410987921686379,0.54315745127349135
participant,SYNTHETIC_0223,test,1,1,1,1,0.92618840598215035,0.067001481120072842,0.6051892002995144,0.70079145298388856,0.76509442576847264,0.37775010521195418,0.34443637453391052,0.29560228140374367,0.90404695755728082,0.56183522841936318,0.82623813579909799,0.43492647850444754,0.053044167394461252,0.55784801065001532,0.45381706140625344,0.84557838915046968,0.66524217148496734,0.6183319183700704,0.27390766479955553,0.87687114261158972,0.74201091920822615,0.82679487334522117,0.59347350296438317,0.27327478571079689
participant,SYNTHETIC_0224,test,1,1,0,1,0.58911820652395508,0.75683656572098668,0.70255732166742213,0.6277346946914798,0.42684032336091515,0.25654170799854092,0.28555430345964239,0.84579145398704025,0.79484477565090839,0.47423265192770342,0.41859368822263882,0.44518200028746391,0.25708085963799027,0.46253193203674836,0.57281176306574255,0.37986742778881827,0.50446650593354425,0.93430638328549631,0.78417111583119747,0.26728803388131056,0.43029820739045199,0.36730341002602207,0.28317204173228849,0.42674840841896172
participant,SYNTHETIC_0225,test,1,0,0,1,0.25133873697678832,0.93673311615333377,0.79648614724832545,0.1663365943420983,0.81972500228409673,0.78976385100606983,0.79662316647625431,0.44080005082618368,0.48106793794603026,0.15434442543202814,0.7590614048503419,0.17972077488713067,0.85554758004379017,0.85652237541597886,0.63919557801520366,0.58257749729372399,0.60010853839106504,0.50788270258499879,0.46596201061854742,0.32411953310864883,0.1310967558188792,0.80469746721392332,0.85297561866257399,0.11570065256059421
participant,SYNTHETIC_0226,test,1,1,1,0,0.49569967639175494,0.36921619706511022,0.22860659917791637,0.86559356105611651,0.32525831752134238,0.63337591036407503,0.31825248599893313,0.53620014198658528,0.54948969533440206,0.71087581384070164,0.77822853821456073,0.095436124336436945,0.54612501808886149,0.062111980983432596,0.61617671650960393,0.26898384511880258,0.47694777203155847,0.52671655408261575,0.206471296941933,0.29161649747939561,0.93121430420370066,0.16596388946253121,0.70932253409621282,0.93898461315267712
participant,SYNTHETIC_0227,test,1,0,1,0,0.14158277455852417,0.44742135930277882,0.53060668861728955,0.38617301363941087,0.81350381137461569,0.44020043848952689,0.10718889796250849,0.32290483826565086,0.086808057510080416,0.71564124691872921,0.84661265053243562,0.60915676615390935,0.30983425973590523,0.87254237340375196,0.2064244709894727,0.58634384436564735,0.28085883159347919,0.16702779754010244,0.94000383406550325,0.31765665973497437,0.56655531049697783,0.76869442926907527,0.89627461274949283,0.37954168800467508
participant,SYNTHETIC_0228,test,0,1,0,1,0.58831328668731375,0.88877091367118743,0.73855966936707562,0.40444557285333022,0.49094183456866214,0.32050184848876806,0.37427796958023968,0.3475255599190229,0.14996593974848574,0.83486573249137075,0.77737234181177994,0.38068693229330364,0.51201241975245948,0.57673040280883592,0.25926269916336558,0.78835238810367758,0.80723663526127942,0.79053638750014565,0.91383709025272841,0.84361635783226741,0.076089336343450747,0.81330593302906917,0.54781224952468599,0.53175296482935641
participant,SYNTHETIC_0229,test,0,1,1,1,0.13240088337935779,0.32626728773739361,0.22041316625958451,0.78496208864286765,0.53474163684298781,0.88616565629866051,0.56612196732234954,0.26127497540251632,0.86343438483087154,0.75660831345826884,0.75130350817979219,0.89685889123392903,0.36297980410367414,0.74762800754382752,0.8586243407096974,0.21167995305817583,0.12492442981761642,0.60151581814319555,0.41391959167205811,0.70403691377001354,0.39945258593806426,0.54124914577350491,0.70794761190129774,0.87522946064129359
participant,SYNTHETIC_0230,test,0,1,0,0,0.57111914212738968,0.29608901925590303,0.59510167124335334,0.42793245842086169,0.15899931947260121,0.7942136192551279,0.75871837247239382,0.50916399323537131,0.92731591604332397,0.65436744277693226,0.66842506267055546,0.25081280388209698,0.71294210291837878,0.93539744200562303,0.27529249223524493,0.055331312924558819,0.47884934653699335,0.23349172593270778,0.081458305975567941,0.56037834087677729,0.11316783258294663,0.81016224433190742,0.69024160453673489,0.23277923171992232
participant,SYNTHETIC_0231,test,1,0,0,1,0.56056118166172775,0.24788126765637153,0.52353845745667704,0.19598676503974288,0.81036408195848797,0.42492087827492636,0.71527981372495564,0.39030281099510461,0.44188291828230991,0.11202167598574252,0.80776841805033495,0.64740479720931143,0.52655113799105291,0.66920898146989982,0.83822606502299102,0.56423912518530495,0.2716085731865015,0.77816010428820337,0.24459123589055543,0.88647052263255921,0.88056326630747861,0.60089330032322741,0.34404479291641288,0.76611278600979593
participant,SYNTHETIC_0232,test,1,0,0,0,0.420627688020144,0.13297335761317627,0.26311944043149005,0.91467027024819825,0.15219313074002283,0.8976188745182837,0.34460952887170526,0.86584533529414665,0.28182468404339106,0.62038894373565767,0.58946782598116099,0.63968469786548654,0.73099375647787701,0.7667276762904417,0.87021994579836603,0.88079596507429225,0.45976568451608818,0.19636960207987292,0.40652451454348082,0.28837696240111599,0.92104518629586341,0.52314491077387959,0.38208004365716858,0.62991903459991805
participant,SYNTHETIC_0233,test,0,1,1,0,0.51282865601922234,0.36669909248895549,0.84929894040694676,0.68781439332234151,0.2925467647405649,0.13373669055640167,0.10001698134343523,0.46386822195626704,0.065214782548742259,0.56567610845904126,0.54399595085701913,0.4994479590595523,0.94241703806168931,0.75022895273977042,0.25363410040597084,0.62529059673895238,0.84079206230814796,0.20724027579618881,0.65015959417474767,0.77256980617136006,0.060609269368938214,0.61313680834561224,0.36608251227744859,0.24955883740243467
participant,SYNTHETIC_0234,test,0,1,0,1,0.81310582829240297,0.55995195765482886,0.40156272891782063,0.74692917090725919,0.69998675119960341,0.63141706328512615,0.53232489952107276,0.89997728739726868,0.25256078058829567,0.16527717603683501,0.82871603632152557,0.60823032046139425,0.27904774043504699,0.43453215354752811,0.37627661249968591,0.49780437714886711,0.29163570208495571,0.069887742049145912,0.30819942499295855,0.89556302936842036,0.8198108045289737,0.59868069130229506,0.92902633706197313,0.17350183590181059
participant,SYNTHETIC_0235,test,1,0,1,0,0.78834115850315289,0.14652221327178105,0.79678356002322526,0.68138826246647732,0.38563534065953842,0.26926562400756932,0.69241734687377399,0.6279718860056861,0.60352847372613372,0.35338327373152473,0.060339878061283873,0.17057784730866188,0.7982282241670039,0.85490770896663204,0.097406067632529889,0.84532918031987081,0.72360313252285247,0.50839728392637751,0.23223902513038952,0.87922962292265483,0.88271026148512421,0.5995057067291697,0.81895250891655369,0.051029680260458912
participant,SYNTHETIC_0236,test,0,0,0,1,0.11868997701580042,0.068225121768645064,0.10255416039536305,0.49753511025821384,0.14642772060361969,0.7811446455329708,0.20639120533011179,0.78821766349775602,0.65854567718217261,0.5510143018744259,0.820691962567623,0.69544090538662329,0.2934860387702618,0.20113122691902563,0.27214264571711111,0.62025960935690572,0.69109032523647285,0.33312690166917408,0.20122732903661733,0.3372504576038523,0.71331788643827243,0.13000400578737792,0.92440748563164243,0.19988067674087173
participant,SYNTHETIC_0237,test,1,0,1,1,0.75412942789062853,0.28733619009634764,0.18741462461473646,0.85893390223663413,0.90145601216530968,0.67537428433982716,0.40481508711956993,0.11089694313453402,0.93562822825108871,0.60805417846702825,0.88487288757744209,0.93552269412522782,0.89030611244694613,0.56347492783859643,0.078189010965227443,0.83766746807175418,0.38646233676080821,0.9101545995897401,0.43266088336239006,0.93530255079329683,0.89198036444824469,0.56699046553841659,0.2479518991511368,0.75527715019280417
participant,SYNTHETIC_0238,test,0,1,1,0,0.14292548797404531,0.089270093055455413,0.3644452293443623,0.48544588990558402,0.12472880497528617,0.50022155089749121,0.11122286781524676,0.30107077087259937,0.16875977864227437,0.75371569158194185,0.15720190178302101,0.73525748643767685,0.15895090163327025,0.2210717311480751,0.47120074710301446,0.4403000038199304,0.51756438997486631,0.41494363453907845,0.63395292721435503,0.34865337571799826,0.37878627537400961,0.68860965993427881,0.9092213332864425,0.75738072256100897
participant,SYNTHETIC_0239,test,0,0,0,0,0.066853682485469537,0.77766300750532547,0.76659065979158258,0.20828982114218514,0.90689640265390592,0.20411973759162794,0.88322822446320493,0.51588273121754391,0.49484865962401697,0.339336765804584,0.31517122967426875,0.23284050525309485,0.81087011342046134,0.60896847428784728,0.21124450573567582,0.91258689018483163,0.29477093218684214,0.16389737164819157,0.15071002476603501,0.64555195324648607,0.13167708072425768,0.91408079148455368,0.19220635097209093,0.91405625747874897
participant,SYNTHETIC_0240,test,0,1,1,1,0.52362783567003379,0.16052095376439318,0.38646996212292983,0.67471214596862328,0.80959743522316407,0.2436286500640375,0.35869662099890881,0.72256734813536383,0.19919979509918129,0.7795825774560492,0.88528169844081983,0.42119788945565761,0.52160291159215122,0.3975827893250205,0.18514275163040567,0.24726425006216751,0.38051369063311824,0.8078204122005761,0.77845195780217469,0.29311385534836365,0.49439775202713637,0.34502442581330051,0.81598369964467454,0.56754871056993794
ppi,SYNTHETIC_PROTEIN_001,,,,,,0.0,0.0,0.0,0.0,0.0,0.0,0.0,0.569329,0.0,0.0,0.0,0.0,0.0,0.0,0.0,0.0,0.0,0.653919,0.532229,0.0,0.0,0.0,0.0,0.0
ppi,SYNTHETIC_PROTEIN_002,,,,,,0.0,0.0,0.0,0.0,0.0,0.0,0.0,0.0,0.0,0.0,0.0,0.740591,0.0,0.0,0.0,0.0,0.0,0.637818,0.0,0.777681,0.0,0.0,0.508166,0.0
ppi,SYNTHETIC_PROTEIN_003,,,,,,0.0,0.0,0.0,0.0,0.0,0.0,0.0,0.0,0.0,0.471431,0.0,0.0,0.0,0.0,0.0,0.0,0.492282,0.0,0.797745,0.0,0.747025,0.0,0.0,0.0
ppi,SYNTHETIC_PROTEIN_004,,,,,,0.0,0.0,0.0,0.0,0.612972,0.631105,0.0,0.0,0.0,0.0,0.0,0.0,0.0,0.0,0.0,0.0,0.0,0.0,0.0,0.0,0.0,0.0,0.0,0.0
ppi,SYNTHETIC_PROTEIN_005,,,,,,0.0,0.0,0.0,0.612972,0.0,0.0,0.0,0.0,0.727088,0.521387,0.0,0.0,0.0,0.0,0.0,0.0,0.0,0.0,0.0,0.0,0.0,0.0,0.0,0.0
ppi,SYNTHETIC_PROTEIN_006,,,,,,0.0,0.0,0.0,0.631105,0.0,0.0,0.0,0.49519,0.0,0.0,0.648131,0.0,0.0,0.0,0.524263,0.0,0.456555,0.0,0.892038,0.0,0.0,0.0,0.0,0.0
ppi,SYNTHETIC_PROTEIN_007,,,,,,0.0,0.0,0.0,0.0,0.0,0.0,0.0,0.0,0.0,0.0,0.0,0.0,0.615376,0.0,0.0,0.0,0.0,0.0,0.617773,0.0,0.0,0.0,0.0,0.0
ppi,SYNTHETIC_PROTEIN_008,,,,,,0.569329,0.0,0.0,0.0,0.0,0.49519,0.0,0.0,0.0,0.0,0.754077,0.0,0.718836,0.0,0.0,0.0,0.0,0.0,0.0,0.0,0.0,0.0,0.0,0.0
ppi,SYNTHETIC_PROTEIN_009,,,,,,0.0,0.0,0.0,0.0,0.727088,0.0,0.0,0.0,0.0,0.0,0.0,0.914105,0.0,0.682153,0.933942,0.623178,0.0,0.636606,0.0,0.0,0.0,0.0,0.0,0.0
ppi,SYNTHETIC_PROTEIN_010,,,,,,0.0,0.0,0.471431,0.0,0.521387,0.0,0.0,0.0,0.0,0.0,0.0,0.0,0.0,0.0,0.934619,0.0,0.0,0.691842,0.0,0.0,0.0,0.0,0.0,0.0
ppi,SYNTHETIC_PROTEIN_011,,,,,,0.0,0.0,0.0,0.0,0.0,0.648131,0.0,0.754077,0.0,0.0,0.0,0.0,0.515546,0.0,0.638948,0.0,0.823926,0.919473,0.0,0.0,0.762841,0.0,0.78688,0.0
ppi,SYNTHETIC_PROTEIN_012,,,,,,0.0,0.740591,0.0,0.0,0.0,0.0,0.0,0.0,0.914105,0.0,0.0,0.0,0.0,0.0,0.0,0.0,0.945703,0.0,0.757686,0.0,0.0,0.892679,0.901436,0.0
ppi,SYNTHETIC_PROTEIN_013,,,,,,0.0,0.0,0.0,0.0,0.0,0.0,0.615376,0.718836,0.0,0.0,0.515546,0.0,0.0,0.0,0.0,0.0,0.0,0.0,0.0,0.0,0.0,0.539065,0.0,0.0
ppi,SYNTHETIC_PROTEIN_014,,,,,,0.0,0.0,0.0,0.0,0.0,0.0,0.0,0.0,0.682153,0.0,0.0,0.0,0.0,0.0,0.0,0.903624,0.0,0.0,0.0,0.0,0.0,0.0,0.0,0.0
ppi,SYNTHETIC_PROTEIN_015,,,,,,0.0,0.0,0.0,0.0,0.0,0.524263,0.0,0.0,0.933942,0.934619,0.638948,0.0,0.0,0.0,0.0,0.772258,0.0,0.0,0.0,0.0,0.0,0.0,0.0,0.0
ppi,SYNTHETIC_PROTEIN_016,,,,,,0.0,0.0,0.0,0.0,0.0,0.0,0.0,0.0,0.623178,0.0,0.0,0.0,0.0,0.903624,0.772258,0.0,0.0,0.0,0.0,0.57757,0.0,0.0,0.0,0.0
ppi,SYNTHETIC_PROTEIN_017,,,,,,0.0,0.0,0.492282,0.0,0.0,0.456555,0.0,0.0,0.0,0.0,0.823926,0.945703,0.0,0.0,0.0,0.0,0.0,0.0,0.0,0.849214,0.0,0.0,0.0,0.0
ppi,SYNTHETIC_PROTEIN_018,,,,,,0.653919,0.637818,0.0,0.0,0.0,0.0,0.0,0.0,0.636606,0.691842,0.919473,0.0,0.0,0.0,0.0,0.0,0.0,0.0,0.0,0.0,0.585275,0.0,0.0,0.0
ppi,SYNTHETIC_PROTEIN_019,,,,,,0.532229,0.0,0.797745,0.0,0.0,0.892038,0.617773,0.0,0.0,0.0,0.0,0.757686,0.0,0.0,0.0,0.0,0.0,0.0,0.0,0.453668,0.0,0.0,0.0,0.0
ppi,SYNTHETIC_PROTEIN_020,,,,,,0.0,0.777681,0.0,0.0,0.0,0.0,0.0,0.0,0.0,0.0,0.0,0.0,0.0,0.0,0.0,0.57757,0.849214,0.0,0.453668,0.0,0.0,0.0,0.0,0.0
ppi,SYNTHETIC_PROTEIN_021,,,,,,0.0,0.0,0.747025,0.0,0.0,0.0,0.0,0.0,0.0,0.0,0.762841,0.0,0.0,0.0,0.0,0.0,0.0,0.585275,0.0,0.0,0.0,0.0,0.0,0.0
ppi,SYNTHETIC_PROTEIN_022,,,,,,0.0,0.0,0.0,0.0,0.0,0.0,0.0,0.0,0.0,0.0,0.0,0.892679,0.539065,0.0,0.0,0.0,0.0,0.0,0.0,0.0,0.0,0.0,0.0,0.0
ppi,SYNTHETIC_PROTEIN_023,,,,,,0.0,0.508166,0.0,0.0,0.0,0.0,0.0,0.0,0.0,0.0,0.78688,0.901436,0.0,0.0,0.0,0.0,0.0,0.0,0.0,0.0,0.0,0.0,0.0,0.0
ppi,SYNTHETIC_PROTEIN_024,,,,,,0.0,0.0,0.0,0.0,0.0,0.0,0.0,0.0,0.0,0.0,0.0,0.0,0.0,0.0,0.0,0.0,0.0,0.0,0.0,0.0,0.0,0.0,0.0,0.0
